time,system_name,crd
7,ApoBot,"CR1 (Large Class) - A class has many fields"
659,ApoBot,"CR1 (Large Class) - A class has many fields"
5,ApoBot,"CR1 (Large Class) - A class has many fields"
8,ApoBot,"CR2 (Large Class) - A class has many methods"
7,ApoBot,"CR2 (Large Class) - A class has many methods"
6,ApoBot,"CR2 (Large Class) - A class has many methods"
55,ApoBot,"CR2 (Large Class) - A class has many methods"
6,ApoBot,"CR2 (Large Class) - A class has many methods"
5,ApoBot,"CR2 (Large Class) - A class has many methods"
7,ApoBot,"CR2 (Large Class) - A class has many methods"
53,ApoBot,"CR2 (Large Class) - A class has many methods"
338,ApoBot,"CR3 (Long Methods) - A method contains too many lines of code."
367,ApoBot,"CR3 (Long Methods) - A method contains too many lines of code."
6,ApoBot,"CR3 (Long Methods) - A method contains too many lines of code."
5,ApoBot,"CR3 (Long Methods) - A method contains too many lines of code."
36,ApoBot,"CR4 (Long Parameter List) - A method contains too many parameters."
40,ApoBot,"CR4 (Long Parameter List) - A method contains too many parameters."
46,ApoBot,"CR4 (Long Parameter List) - A method contains too many parameters."
53,ApoBot,"CR4 (Long Parameter List) - A method contains too many parameters."
34,ApoBot,"CR4 (Long Parameter List) - A method contains too many parameters."
49,ApoBot,"CR4 (Long Parameter List) - A method contains too many parameters."
48,ApoBot,"CR4 (Long Parameter List) - A method contains too many parameters."
43,ApoBot,"CR4 (Long Parameter List) - A method contains too many parameters."
47,ApoBot,"CR4 (Long Parameter List) - A method contains too many parameters."
62,ApoBot,"CR4 (Long Parameter List) - A method contains too many parameters."
44,ApoBot,"CR4 (Long Parameter List) - A method contains too many parameters."
85,ApoBot,"CR4 (Long Parameter List) - A method contains too many parameters."
49,ApoBot,"CR4 (Long Parameter List) - A method contains too many parameters."
49,ApoBot,"CR4 (Long Parameter List) - A method contains too many parameters."
33,ApoBot,"CR4 (Long Parameter List) - A method contains too many parameters."
69,ApoBot,"CR4 (Long Parameter List) - A method contains too many parameters."
33,ApoBot,"CR4 (Long Parameter List) - A method contains too many parameters."
50,ApoBot,"CR4 (Long Parameter List) - A method contains too many parameters."
55,ApoBot,"CR4 (Long Parameter List) - A method contains too many parameters."
60,ApoBot,"CR4 (Long Parameter List) - A method contains too many parameters."
48,ApoBot,"CR4 (Long Parameter List) - A method contains too many parameters."
78,ApoBot,"CR4 (Long Parameter List) - A method contains too many parameters."
65,ApoBot,"CR4 (Long Parameter List) - A method contains too many parameters."
32,ApoBot,"CR4 (Long Parameter List) - A method contains too many parameters."
9,ApoBot,"CR7 (Data Class) - A class contains only crude methods"
8,ApoBot,"CR7 (Data Class) - A class contains only crude methods"
19,ApoBot,"CR7 (Data Class) - A class contains only crude methods"
6,ApoBot,"CR7 (Data Class) - A class contains only crude methods"
11,ApoBot,"CR7 (Data Class) - A class contains only crude methods"
13,ApoBot,"CR7 (Data Class) - A class contains only crude methods"
7,ApoBot,"CR7 (Data Class) - A class contains only crude methods"
15,ApoBot,"CR7 (Data Class) - A class contains only crude methods"
426,ApoCommando,"CR1 (Large Class) - A class has many fields"
10,ApoCommando,"CR1 (Large Class) - A class has many fields"
1557,ApoCommando,"CR1 (Large Class) - A class has many fields"
8,ApoCommando,"CR1 (Large Class) - A class has many fields"
41,ApoCommando,"CR2 (Large Class) - A class has many methods"
7,ApoCommando,"CR2 (Large Class) - A class has many methods"
9,ApoCommando,"CR2 (Large Class) - A class has many methods"
8,ApoCommando,"CR2 (Large Class) - A class has many methods"
10,ApoCommando,"CR2 (Large Class) - A class has many methods"
28,ApoCommando,"CR2 (Large Class) - A class has many methods"
41,ApoCommando,"CR2 (Large Class) - A class has many methods"
7,ApoCommando,"CR2 (Large Class) - A class has many methods"
50,ApoCommando,"CR2 (Large Class) - A class has many methods"
42,ApoCommando,"CR2 (Large Class) - A class has many methods"
8,ApoCommando,"CR2 (Large Class) - A class has many methods"
7,ApoCommando,"CR2 (Large Class) - A class has many methods"
7,ApoCommando,"CR2 (Large Class) - A class has many methods"
7,ApoCommando,"CR2 (Large Class) - A class has many methods"
266,ApoCommando,"CR3 (Long Methods) - A method contains too many lines of code."
7,ApoCommando,"CR3 (Long Methods) - A method contains too many lines of code."
234,ApoCommando,"CR3 (Long Methods) - A method contains too many lines of code."
186,ApoCommando,"CR3 (Long Methods) - A method contains too many lines of code."
327,ApoCommando,"CR3 (Long Methods) - A method contains too many lines of code."
205,ApoCommando,"CR3 (Long Methods) - A method contains too many lines of code."
6,ApoCommando,"CR3 (Long Methods) - A method contains too many lines of code."
9,ApoCommando,"CR3 (Long Methods) - A method contains too many lines of code."
5,ApoCommando,"CR3 (Long Methods) - A method contains too many lines of code."
301,ApoCommando,"CR3 (Long Methods) - A method contains too many lines of code."
258,ApoCommando,"CR3 (Long Methods) - A method contains too many lines of code."
8,ApoCommando,"CR3 (Long Methods) - A method contains too many lines of code."
49,ApoCommando,"CR4 (Long Parameter List) - A method contains too many parameters."
30,ApoCommando,"CR4 (Long Parameter List) - A method contains too many parameters."
44,ApoCommando,"CR4 (Long Parameter List) - A method contains too many parameters."
47,ApoCommando,"CR4 (Long Parameter List) - A method contains too many parameters."
45,ApoCommando,"CR4 (Long Parameter List) - A method contains too many parameters."
52,ApoCommando,"CR4 (Long Parameter List) - A method contains too many parameters."
40,ApoCommando,"CR4 (Long Parameter List) - A method contains too many parameters."
37,ApoCommando,"CR4 (Long Parameter List) - A method contains too many parameters."
29,ApoCommando,"CR4 (Long Parameter List) - A method contains too many parameters."
29,ApoCommando,"CR4 (Long Parameter List) - A method contains too many parameters."
51,ApoCommando,"CR4 (Long Parameter List) - A method contains too many parameters."
41,ApoCommando,"CR4 (Long Parameter List) - A method contains too many parameters."
36,ApoCommando,"CR4 (Long Parameter List) - A method contains too many parameters."
22,ApoCommando,"CR4 (Long Parameter List) - A method contains too many parameters."
45,ApoCommando,"CR4 (Long Parameter List) - A method contains too many parameters."
41,ApoCommando,"CR4 (Long Parameter List) - A method contains too many parameters."
28,ApoCommando,"CR4 (Long Parameter List) - A method contains too many parameters."
71,ApoCommando,"CR4 (Long Parameter List) - A method contains too many parameters."
38,ApoCommando,"CR4 (Long Parameter List) - A method contains too many parameters."
40,ApoCommando,"CR4 (Long Parameter List) - A method contains too many parameters."
32,ApoCommando,"CR4 (Long Parameter List) - A method contains too many parameters."
65,ApoCommando,"CR4 (Long Parameter List) - A method contains too many parameters."
31,ApoCommando,"CR4 (Long Parameter List) - A method contains too many parameters."
40,ApoCommando,"CR4 (Long Parameter List) - A method contains too many parameters."
58,ApoCommando,"CR4 (Long Parameter List) - A method contains too many parameters."
42,ApoCommando,"CR4 (Long Parameter List) - A method contains too many parameters."
31,ApoCommando,"CR4 (Long Parameter List) - A method contains too many parameters."
32,ApoCommando,"CR4 (Long Parameter List) - A method contains too many parameters."
26,ApoCommando,"CR4 (Long Parameter List) - A method contains too many parameters."
32,ApoCommando,"CR4 (Long Parameter List) - A method contains too many parameters."
35,ApoCommando,"CR4 (Long Parameter List) - A method contains too many parameters."
78,ApoCommando,"CR4 (Long Parameter List) - A method contains too many parameters."
34,ApoCommando,"CR4 (Long Parameter List) - A method contains too many parameters."
37,ApoCommando,"CR4 (Long Parameter List) - A method contains too many parameters."
32,ApoCommando,"CR4 (Long Parameter List) - A method contains too many parameters."
50,ApoCommando,"CR4 (Long Parameter List) - A method contains too many parameters."
68,ApoCommando,"CR4 (Long Parameter List) - A method contains too many parameters."
43,ApoCommando,"CR4 (Long Parameter List) - A method contains too many parameters."
42,ApoCommando,"CR4 (Long Parameter List) - A method contains too many parameters."
41,ApoCommando,"CR4 (Long Parameter List) - A method contains too many parameters."
40,ApoCommando,"CR4 (Long Parameter List) - A method contains too many parameters."
37,ApoCommando,"CR4 (Long Parameter List) - A method contains too many parameters."
195,ApoCommando,"CR4 (Long Parameter List) - A method contains too many parameters."
28,ApoCommando,"CR4 (Long Parameter List) - A method contains too many parameters."
41,ApoCommando,"CR4 (Long Parameter List) - A method contains too many parameters."
33,ApoCommando,"CR4 (Long Parameter List) - A method contains too many parameters."
40,ApoCommando,"CR4 (Long Parameter List) - A method contains too many parameters."
31,ApoCommando,"CR4 (Long Parameter List) - A method contains too many parameters."
29,ApoCommando,"CR4 (Long Parameter List) - A method contains too many parameters."
36,ApoCommando,"CR4 (Long Parameter List) - A method contains too many parameters."
59,ApoCommando,"CR4 (Long Parameter List) - A method contains too many parameters."
39,ApoCommando,"CR4 (Long Parameter List) - A method contains too many parameters."
37,ApoCommando,"CR4 (Long Parameter List) - A method contains too many parameters."
39,ApoCommando,"CR4 (Long Parameter List) - A method contains too many parameters."
22,ApoCommando,"CR7 (Data Class) - A class contains only crude methods"
9,ApoCommando,"CR7 (Data Class) - A class contains only crude methods"
7,ApoCommando,"CR7 (Data Class) - A class contains only crude methods"
12,ApoCommando,"CR7 (Data Class) - A class contains only crude methods"
5,ApoCommando,"CR7 (Data Class) - A class contains only crude methods"
7,ApoCommando,"CR7 (Data Class) - A class contains only crude methods"
10,ApoCommando,"CR7 (Data Class) - A class contains only crude methods"
8,ApoCommando,"CR7 (Data Class) - A class contains only crude methods"
7,ApoCommando,"CR7 (Data Class) - A class contains only crude methods"
13,ApoCommando,"CR7 (Data Class) - A class contains only crude methods"
11,ApoCommando,"CR7 (Data Class) - A class contains only crude methods"
7,ApoCommando,"CR7 (Data Class) - A class contains only crude methods"
8,ApoDefence,"CR1 (Large Class) - A class has many fields"
376,ApoDefence,"CR1 (Large Class) - A class has many fields"
4,ApoDefence,"CR1 (Large Class) - A class has many fields"
7,ApoDefence,"CR1 (Large Class) - A class has many fields"
2177,ApoDefence,"CR1 (Large Class) - A class has many fields"
540,ApoDefence,"CR1 (Large Class) - A class has many fields"
4,ApoDefence,"CR1 (Large Class) - A class has many fields"
5,ApoDefence,"CR2 (Large Class) - A class has many methods"
4,ApoDefence,"CR2 (Large Class) - A class has many methods"
12,ApoDefence,"CR2 (Large Class) - A class has many methods"
7,ApoDefence,"CR2 (Large Class) - A class has many methods"
5,ApoDefence,"CR2 (Large Class) - A class has many methods"
4,ApoDefence,"CR2 (Large Class) - A class has many methods"
36,ApoDefence,"CR2 (Large Class) - A class has many methods"
5,ApoDefence,"CR2 (Large Class) - A class has many methods"
6,ApoDefence,"CR2 (Large Class) - A class has many methods"
42,ApoDefence,"CR2 (Large Class) - A class has many methods"
6,ApoDefence,"CR3 (Long Methods) - A method contains too many lines of code."
289,ApoDefence,"CR3 (Long Methods) - A method contains too many lines of code."
222,ApoDefence,"CR3 (Long Methods) - A method contains too many lines of code."
7,ApoDefence,"CR3 (Long Methods) - A method contains too many lines of code."
7,ApoDefence,"CR3 (Long Methods) - A method contains too many lines of code."
8,ApoDefence,"CR3 (Long Methods) - A method contains too many lines of code."
259,ApoDefence,"CR3 (Long Methods) - A method contains too many lines of code."
20,ApoDefence,"CR3 (Long Methods) - A method contains too many lines of code."
4,ApoDefence,"CR3 (Long Methods) - A method contains too many lines of code."
6,ApoDefence,"CR3 (Long Methods) - A method contains too many lines of code."
4,ApoDefence,"CR3 (Long Methods) - A method contains too many lines of code."
4,ApoDefence,"CR3 (Long Methods) - A method contains too many lines of code."
168,ApoDefence,"CR3 (Long Methods) - A method contains too many lines of code."
6,ApoDefence,"CR3 (Long Methods) - A method contains too many lines of code."
62,ApoDefence,"CR4 (Long Parameter List) - A method contains too many parameters."
35,ApoDefence,"CR4 (Long Parameter List) - A method contains too many parameters."
69,ApoDefence,"CR4 (Long Parameter List) - A method contains too many parameters."
25,ApoDefence,"CR4 (Long Parameter List) - A method contains too many parameters."
49,ApoDefence,"CR4 (Long Parameter List) - A method contains too many parameters."
41,ApoDefence,"CR4 (Long Parameter List) - A method contains too many parameters."
41,ApoDefence,"CR4 (Long Parameter List) - A method contains too many parameters."
44,ApoDefence,"CR4 (Long Parameter List) - A method contains too many parameters."
22,ApoDefence,"CR4 (Long Parameter List) - A method contains too many parameters."
52,ApoDefence,"CR4 (Long Parameter List) - A method contains too many parameters."
34,ApoDefence,"CR4 (Long Parameter List) - A method contains too many parameters."
34,ApoDefence,"CR4 (Long Parameter List) - A method contains too many parameters."
67,ApoDefence,"CR4 (Long Parameter List) - A method contains too many parameters."
25,ApoDefence,"CR4 (Long Parameter List) - A method contains too many parameters."
50,ApoDefence,"CR4 (Long Parameter List) - A method contains too many parameters."
35,ApoDefence,"CR4 (Long Parameter List) - A method contains too many parameters."
27,ApoDefence,"CR4 (Long Parameter List) - A method contains too many parameters."
25,ApoDefence,"CR4 (Long Parameter List) - A method contains too many parameters."
22,ApoDefence,"CR4 (Long Parameter List) - A method contains too many parameters."
57,ApoDefence,"CR4 (Long Parameter List) - A method contains too many parameters."
38,ApoDefence,"CR4 (Long Parameter List) - A method contains too many parameters."
30,ApoDefence,"CR4 (Long Parameter List) - A method contains too many parameters."
19,ApoDefence,"CR4 (Long Parameter List) - A method contains too many parameters."
38,ApoDefence,"CR4 (Long Parameter List) - A method contains too many parameters."
52,ApoDefence,"CR4 (Long Parameter List) - A method contains too many parameters."
29,ApoDefence,"CR4 (Long Parameter List) - A method contains too many parameters."
45,ApoDefence,"CR4 (Long Parameter List) - A method contains too many parameters."
56,ApoDefence,"CR4 (Long Parameter List) - A method contains too many parameters."
69,ApoDefence,"CR4 (Long Parameter List) - A method contains too many parameters."
31,ApoDefence,"CR4 (Long Parameter List) - A method contains too many parameters."
51,ApoDefence,"CR4 (Long Parameter List) - A method contains too many parameters."
31,ApoDefence,"CR4 (Long Parameter List) - A method contains too many parameters."
24,ApoDefence,"CR4 (Long Parameter List) - A method contains too many parameters."
19,ApoDefence,"CR4 (Long Parameter List) - A method contains too many parameters."
27,ApoDefence,"CR4 (Long Parameter List) - A method contains too many parameters."
19,ApoDefence,"CR4 (Long Parameter List) - A method contains too many parameters."
44,ApoDefence,"CR4 (Long Parameter List) - A method contains too many parameters."
30,ApoDefence,"CR4 (Long Parameter List) - A method contains too many parameters."
54,ApoDefence,"CR4 (Long Parameter List) - A method contains too many parameters."
23,ApoDefence,"CR4 (Long Parameter List) - A method contains too many parameters."
36,ApoDefence,"CR4 (Long Parameter List) - A method contains too many parameters."
25,ApoDefence,"CR4 (Long Parameter List) - A method contains too many parameters."
6,ApoDefence,"CR7 (Data Class) - A class contains only crude methods"
5,ApoDefence,"CR7 (Data Class) - A class contains only crude methods"
11,ApoDefence,"CR7 (Data Class) - A class contains only crude methods"
5,ApoDefence,"CR7 (Data Class) - A class contains only crude methods"
7,ApoDefence,"CR7 (Data Class) - A class contains only crude methods"
7,ApoDefence,"CR7 (Data Class) - A class contains only crude methods"
7,ApoDefence,"CR7 (Data Class) - A class contains only crude methods"
11,ApoDefence,"CR7 (Data Class) - A class contains only crude methods"
5,ApoDefence,"CR7 (Data Class) - A class contains only crude methods"
11,ApoDefence,"CR7 (Data Class) - A class contains only crude methods"
8,ApoDefence,"CR7 (Data Class) - A class contains only crude methods"
6,ApoDefence,"CR7 (Data Class) - A class contains only crude methods"
1176,ApoIcarus,"CR1 (Large Class) - A class has many fields"
5,ApoIcarus,"CR1 (Large Class) - A class has many fields"
7,ApoIcarus,"CR2 (Large Class) - A class has many methods"
8,ApoIcarus,"CR2 (Large Class) - A class has many methods"
6,ApoIcarus,"CR2 (Large Class) - A class has many methods"
29,ApoIcarus,"CR2 (Large Class) - A class has many methods"
72,ApoIcarus,"CR2 (Large Class) - A class has many methods"
31,ApoIcarus,"CR2 (Large Class) - A class has many methods"
22,ApoIcarus,"CR2 (Large Class) - A class has many methods"
248,ApoIcarus,"CR3 (Long Methods) - A method contains too many lines of code."
7,ApoIcarus,"CR3 (Long Methods) - A method contains too many lines of code."
416,ApoIcarus,"CR3 (Long Methods) - A method contains too many lines of code."
425,ApoIcarus,"CR3 (Long Methods) - A method contains too many lines of code."
78,ApoIcarus,"CR4 (Long Parameter List) - A method contains too many parameters."
37,ApoIcarus,"CR4 (Long Parameter List) - A method contains too many parameters."
30,ApoIcarus,"CR4 (Long Parameter List) - A method contains too many parameters."
216,ApoIcarus,"CR4 (Long Parameter List) - A method contains too many parameters."
38,ApoIcarus,"CR4 (Long Parameter List) - A method contains too many parameters."
53,ApoIcarus,"CR4 (Long Parameter List) - A method contains too many parameters."
63,ApoIcarus,"CR4 (Long Parameter List) - A method contains too many parameters."
65,ApoIcarus,"CR4 (Long Parameter List) - A method contains too many parameters."
42,ApoIcarus,"CR4 (Long Parameter List) - A method contains too many parameters."
38,ApoIcarus,"CR4 (Long Parameter List) - A method contains too many parameters."
42,ApoIcarus,"CR4 (Long Parameter List) - A method contains too many parameters."
35,ApoIcarus,"CR4 (Long Parameter List) - A method contains too many parameters."
37,ApoIcarus,"CR4 (Long Parameter List) - A method contains too many parameters."
36,ApoIcarus,"CR4 (Long Parameter List) - A method contains too many parameters."
55,ApoIcarus,"CR4 (Long Parameter List) - A method contains too many parameters."
44,ApoIcarus,"CR4 (Long Parameter List) - A method contains too many parameters."
41,ApoIcarus,"CR4 (Long Parameter List) - A method contains too many parameters."
38,ApoIcarus,"CR4 (Long Parameter List) - A method contains too many parameters."
52,ApoIcarus,"CR4 (Long Parameter List) - A method contains too many parameters."
71,ApoIcarus,"CR4 (Long Parameter List) - A method contains too many parameters."
73,ApoIcarus,"CR4 (Long Parameter List) - A method contains too many parameters."
85,ApoIcarus,"CR4 (Long Parameter List) - A method contains too many parameters."
39,ApoIcarus,"CR4 (Long Parameter List) - A method contains too many parameters."
37,ApoIcarus,"CR4 (Long Parameter List) - A method contains too many parameters."
56,ApoIcarus,"CR4 (Long Parameter List) - A method contains too many parameters."
32,ApoIcarus,"CR4 (Long Parameter List) - A method contains too many parameters."
42,ApoIcarus,"CR4 (Long Parameter List) - A method contains too many parameters."
28,ApoIcarus,"CR4 (Long Parameter List) - A method contains too many parameters."
61,ApoIcarus,"CR4 (Long Parameter List) - A method contains too many parameters."
39,ApoIcarus,"CR4 (Long Parameter List) - A method contains too many parameters."
57,ApoIcarus,"CR4 (Long Parameter List) - A method contains too many parameters."
58,ApoIcarus,"CR4 (Long Parameter List) - A method contains too many parameters."
43,ApoIcarus,"CR4 (Long Parameter List) - A method contains too many parameters."
45,ApoIcarus,"CR4 (Long Parameter List) - A method contains too many parameters."
40,ApoIcarus,"CR4 (Long Parameter List) - A method contains too many parameters."
66,ApoIcarus,"CR4 (Long Parameter List) - A method contains too many parameters."
13,ApoIcarus,"CR7 (Data Class) - A class contains only crude methods"
10,ApoIcarus,"CR7 (Data Class) - A class contains only crude methods"
13,ApoIcarus,"CR7 (Data Class) - A class contains only crude methods"
17,ApoIcarus,"CR7 (Data Class) - A class contains only crude methods"
8,ApoIcarus,"CR7 (Data Class) - A class contains only crude methods"
6,ApoIcarus,"CR7 (Data Class) - A class contains only crude methods"
9,ApoIcarus,"CR7 (Data Class) - A class contains only crude methods"
5,ApoIcarus,"CR7 (Data Class) - A class contains only crude methods"
16,ApoIcarus,"CR7 (Data Class) - A class contains only crude methods"
10,ApoIcarus,"CR7 (Data Class) - A class contains only crude methods"
6,ApoMarc,"CR1 (Large Class) - A class has many fields"
32,ApoMarc,"CR2 (Large Class) - A class has many methods"
6,ApoMarc,"CR2 (Large Class) - A class has many methods"
8,ApoMarc,"CR2 (Large Class) - A class has many methods"
58,ApoMarc,"CR2 (Large Class) - A class has many methods"
34,ApoMarc,"CR2 (Large Class) - A class has many methods"
7,ApoMarc,"CR2 (Large Class) - A class has many methods"
6,ApoMarc,"CR2 (Large Class) - A class has many methods"
9,ApoMarc,"CR3 (Long Methods) - A method contains too many lines of code."
332,ApoMarc,"CR3 (Long Methods) - A method contains too many lines of code."
70,ApoMarc,"CR4 (Long Parameter List) - A method contains too many parameters."
44,ApoMarc,"CR4 (Long Parameter List) - A method contains too many parameters."
101,ApoMarc,"CR4 (Long Parameter List) - A method contains too many parameters."
44,ApoMarc,"CR4 (Long Parameter List) - A method contains too many parameters."
41,ApoMarc,"CR4 (Long Parameter List) - A method contains too many parameters."
35,ApoMarc,"CR4 (Long Parameter List) - A method contains too many parameters."
56,ApoMarc,"CR4 (Long Parameter List) - A method contains too many parameters."
94,ApoMarc,"CR4 (Long Parameter List) - A method contains too many parameters."
77,ApoMarc,"CR4 (Long Parameter List) - A method contains too many parameters."
67,ApoMarc,"CR4 (Long Parameter List) - A method contains too many parameters."
56,ApoMarc,"CR4 (Long Parameter List) - A method contains too many parameters."
41,ApoMarc,"CR4 (Long Parameter List) - A method contains too many parameters."
60,ApoMarc,"CR4 (Long Parameter List) - A method contains too many parameters."
196,ApoMarc,"CR4 (Long Parameter List) - A method contains too many parameters."
64,ApoMarc,"CR4 (Long Parameter List) - A method contains too many parameters."
36,ApoMarc,"CR4 (Long Parameter List) - A method contains too many parameters."
30,ApoMarc,"CR4 (Long Parameter List) - A method contains too many parameters."
76,ApoMarc,"CR4 (Long Parameter List) - A method contains too many parameters."
43,ApoMarc,"CR4 (Long Parameter List) - A method contains too many parameters."
59,ApoMarc,"CR4 (Long Parameter List) - A method contains too many parameters."
31,ApoMarc,"CR4 (Long Parameter List) - A method contains too many parameters."
40,ApoMarc,"CR4 (Long Parameter List) - A method contains too many parameters."
48,ApoMarc,"CR4 (Long Parameter List) - A method contains too many parameters."
39,ApoMarc,"CR4 (Long Parameter List) - A method contains too many parameters."
51,ApoMarc,"CR4 (Long Parameter List) - A method contains too many parameters."
34,ApoMarc,"CR4 (Long Parameter List) - A method contains too many parameters."
64,ApoMarc,"CR4 (Long Parameter List) - A method contains too many parameters."
55,ApoMarc,"CR4 (Long Parameter List) - A method contains too many parameters."
60,ApoMarc,"CR4 (Long Parameter List) - A method contains too many parameters."
29,ApoMarc,"CR4 (Long Parameter List) - A method contains too many parameters."
36,ApoMarc,"CR4 (Long Parameter List) - A method contains too many parameters."
10,ApoMarc,"CR7 (Data Class) - A class contains only crude methods"
7,ApoMarc,"CR7 (Data Class) - A class contains only crude methods"
6,ApoMarc,"CR7 (Data Class) - A class contains only crude methods"
6,ApoMarc,"CR7 (Data Class) - A class contains only crude methods"
7,ApoMarc,"CR7 (Data Class) - A class contains only crude methods"
5,ApoMarc,"CR7 (Data Class) - A class contains only crude methods"
6,ApoMarc,"CR7 (Data Class) - A class contains only crude methods"
6,ApoMarc,"CR7 (Data Class) - A class contains only crude methods"
5,ApoMarc,"CR7 (Data Class) - A class contains only crude methods"
17,ApoMarc,"CR7 (Data Class) - A class contains only crude methods"
7,ApoNotSoSimple,"CR1 (Large Class) - A class has many fields"
7,ApoNotSoSimple,"CR1 (Large Class) - A class has many fields"
3345,ApoNotSoSimple,"CR1 (Large Class) - A class has many fields"
6,ApoNotSoSimple,"CR2 (Large Class) - A class has many methods"
28,ApoNotSoSimple,"CR2 (Large Class) - A class has many methods"
6,ApoNotSoSimple,"CR2 (Large Class) - A class has many methods"
27,ApoNotSoSimple,"CR2 (Large Class) - A class has many methods"
7,ApoNotSoSimple,"CR2 (Large Class) - A class has many methods"
41,ApoNotSoSimple,"CR2 (Large Class) - A class has many methods"
24,ApoNotSoSimple,"CR2 (Large Class) - A class has many methods"
30,ApoNotSoSimple,"CR2 (Large Class) - A class has many methods"
7,ApoNotSoSimple,"CR2 (Large Class) - A class has many methods"
6,ApoNotSoSimple,"CR2 (Large Class) - A class has many methods"
9,ApoNotSoSimple,"CR2 (Large Class) - A class has many methods"
303,ApoNotSoSimple,"CR3 (Long Methods) - A method contains too many lines of code."
4,ApoNotSoSimple,"CR3 (Long Methods) - A method contains too many lines of code."
6,ApoNotSoSimple,"CR3 (Long Methods) - A method contains too many lines of code."
35,ApoNotSoSimple,"CR4 (Long Parameter List) - A method contains too many parameters."
39,ApoNotSoSimple,"CR4 (Long Parameter List) - A method contains too many parameters."
35,ApoNotSoSimple,"CR4 (Long Parameter List) - A method contains too many parameters."
49,ApoNotSoSimple,"CR4 (Long Parameter List) - A method contains too many parameters."
96,ApoNotSoSimple,"CR4 (Long Parameter List) - A method contains too many parameters."
26,ApoNotSoSimple,"CR4 (Long Parameter List) - A method contains too many parameters."
68,ApoNotSoSimple,"CR4 (Long Parameter List) - A method contains too many parameters."
42,ApoNotSoSimple,"CR4 (Long Parameter List) - A method contains too many parameters."
34,ApoNotSoSimple,"CR4 (Long Parameter List) - A method contains too many parameters."
41,ApoNotSoSimple,"CR4 (Long Parameter List) - A method contains too many parameters."
29,ApoNotSoSimple,"CR4 (Long Parameter List) - A method contains too many parameters."
44,ApoNotSoSimple,"CR4 (Long Parameter List) - A method contains too many parameters."
26,ApoNotSoSimple,"CR4 (Long Parameter List) - A method contains too many parameters."
32,ApoNotSoSimple,"CR4 (Long Parameter List) - A method contains too many parameters."
43,ApoNotSoSimple,"CR4 (Long Parameter List) - A method contains too many parameters."
34,ApoNotSoSimple,"CR4 (Long Parameter List) - A method contains too many parameters."
29,ApoNotSoSimple,"CR4 (Long Parameter List) - A method contains too many parameters."
52,ApoNotSoSimple,"CR4 (Long Parameter List) - A method contains too many parameters."
29,ApoNotSoSimple,"CR4 (Long Parameter List) - A method contains too many parameters."
98,ApoNotSoSimple,"CR4 (Long Parameter List) - A method contains too many parameters."
35,ApoNotSoSimple,"CR4 (Long Parameter List) - A method contains too many parameters."
40,ApoNotSoSimple,"CR4 (Long Parameter List) - A method contains too many parameters."
49,ApoNotSoSimple,"CR4 (Long Parameter List) - A method contains too many parameters."
33,ApoNotSoSimple,"CR4 (Long Parameter List) - A method contains too many parameters."
35,ApoNotSoSimple,"CR4 (Long Parameter List) - A method contains too many parameters."
33,ApoNotSoSimple,"CR4 (Long Parameter List) - A method contains too many parameters."
45,ApoNotSoSimple,"CR4 (Long Parameter List) - A method contains too many parameters."
65,ApoNotSoSimple,"CR4 (Long Parameter List) - A method contains too many parameters."
45,ApoNotSoSimple,"CR4 (Long Parameter List) - A method contains too many parameters."
33,ApoNotSoSimple,"CR4 (Long Parameter List) - A method contains too many parameters."
43,ApoNotSoSimple,"CR4 (Long Parameter List) - A method contains too many parameters."
37,ApoNotSoSimple,"CR4 (Long Parameter List) - A method contains too many parameters."
26,ApoNotSoSimple,"CR4 (Long Parameter List) - A method contains too many parameters."
52,ApoNotSoSimple,"CR4 (Long Parameter List) - A method contains too many parameters."
63,ApoNotSoSimple,"CR4 (Long Parameter List) - A method contains too many parameters."
7,ApoNotSoSimple,"CR7 (Data Class) - A class contains only crude methods"
5,ApoNotSoSimple,"CR7 (Data Class) - A class contains only crude methods"
6,ApoNotSoSimple,"CR7 (Data Class) - A class contains only crude methods"
5,ApoNotSoSimple,"CR7 (Data Class) - A class contains only crude methods"
16,ApoNotSoSimple,"CR7 (Data Class) - A class contains only crude methods"
11,ApoNotSoSimple,"CR7 (Data Class) - A class contains only crude methods"
8,ApoNotSoSimple,"CR7 (Data Class) - A class contains only crude methods"
7,ApoNotSoSimple,"CR7 (Data Class) - A class contains only crude methods"
9,ApoNotSoSimple,"CR7 (Data Class) - A class contains only crude methods"
140,ApoNotSoSimple,"CR7 (Data Class) - A class contains only crude methods"
6,ApoNotSoSimple,"CR7 (Data Class) - A class contains only crude methods"
1691,ApoPongBeat,"CR1 (Large Class) - A class has many fields"
9,ApoPongBeat,"CR1 (Large Class) - A class has many fields"
41,ApoPongBeat,"CR2 (Large Class) - A class has many methods"
10,ApoPongBeat,"CR2 (Large Class) - A class has many methods"
28,ApoPongBeat,"CR2 (Large Class) - A class has many methods"
4,ApoPongBeat,"CR2 (Large Class) - A class has many methods"
4,ApoPongBeat,"CR2 (Large Class) - A class has many methods"
8,ApoPongBeat,"CR2 (Large Class) - A class has many methods"
38,ApoPongBeat,"CR2 (Large Class) - A class has many methods"
32,ApoPongBeat,"CR2 (Large Class) - A class has many methods"
7,ApoPongBeat,"CR3 (Long Methods) - A method contains too many lines of code."
6,ApoPongBeat,"CR3 (Long Methods) - A method contains too many lines of code."
396,ApoPongBeat,"CR3 (Long Methods) - A method contains too many lines of code."
8,ApoPongBeat,"CR3 (Long Methods) - A method contains too many lines of code."
6,ApoPongBeat,"CR3 (Long Methods) - A method contains too many lines of code."
7,ApoPongBeat,"CR3 (Long Methods) - A method contains too many lines of code."
41,ApoPongBeat,"CR4 (Long Parameter List) - A method contains too many parameters."
56,ApoPongBeat,"CR4 (Long Parameter List) - A method contains too many parameters."
35,ApoPongBeat,"CR4 (Long Parameter List) - A method contains too many parameters."
42,ApoPongBeat,"CR4 (Long Parameter List) - A method contains too many parameters."
45,ApoPongBeat,"CR4 (Long Parameter List) - A method contains too many parameters."
35,ApoPongBeat,"CR4 (Long Parameter List) - A method contains too many parameters."
52,ApoPongBeat,"CR4 (Long Parameter List) - A method contains too many parameters."
39,ApoPongBeat,"CR4 (Long Parameter List) - A method contains too many parameters."
56,ApoPongBeat,"CR4 (Long Parameter List) - A method contains too many parameters."
31,ApoPongBeat,"CR4 (Long Parameter List) - A method contains too many parameters."
32,ApoPongBeat,"CR4 (Long Parameter List) - A method contains too many parameters."
54,ApoPongBeat,"CR4 (Long Parameter List) - A method contains too many parameters."
41,ApoPongBeat,"CR4 (Long Parameter List) - A method contains too many parameters."
64,ApoPongBeat,"CR4 (Long Parameter List) - A method contains too many parameters."
37,ApoPongBeat,"CR4 (Long Parameter List) - A method contains too many parameters."
57,ApoPongBeat,"CR4 (Long Parameter List) - A method contains too many parameters."
50,ApoPongBeat,"CR4 (Long Parameter List) - A method contains too many parameters."
73,ApoPongBeat,"CR4 (Long Parameter List) - A method contains too many parameters."
29,ApoPongBeat,"CR4 (Long Parameter List) - A method contains too many parameters."
78,ApoPongBeat,"CR4 (Long Parameter List) - A method contains too many parameters."
87,ApoPongBeat,"CR4 (Long Parameter List) - A method contains too many parameters."
49,ApoPongBeat,"CR4 (Long Parameter List) - A method contains too many parameters."
67,ApoPongBeat,"CR4 (Long Parameter List) - A method contains too many parameters."
49,ApoPongBeat,"CR4 (Long Parameter List) - A method contains too many parameters."
42,ApoPongBeat,"CR4 (Long Parameter List) - A method contains too many parameters."
66,ApoPongBeat,"CR4 (Long Parameter List) - A method contains too many parameters."
44,ApoPongBeat,"CR4 (Long Parameter List) - A method contains too many parameters."
57,ApoPongBeat,"CR4 (Long Parameter List) - A method contains too many parameters."
41,ApoPongBeat,"CR4 (Long Parameter List) - A method contains too many parameters."
26,ApoPongBeat,"CR4 (Long Parameter List) - A method contains too many parameters."
25,ApoPongBeat,"CR4 (Long Parameter List) - A method contains too many parameters."
25,ApoPongBeat,"CR4 (Long Parameter List) - A method contains too many parameters."
49,ApoPongBeat,"CR4 (Long Parameter List) - A method contains too many parameters."
62,ApoPongBeat,"CR4 (Long Parameter List) - A method contains too many parameters."
57,ApoPongBeat,"CR4 (Long Parameter List) - A method contains too many parameters."
59,ApoPongBeat,"CR4 (Long Parameter List) - A method contains too many parameters."
23,ApoPongBeat,"CR4 (Long Parameter List) - A method contains too many parameters."
63,ApoPongBeat,"CR4 (Long Parameter List) - A method contains too many parameters."
7,ApoPongBeat,"CR7 (Data Class) - A class contains only crude methods"
9,ApoPongBeat,"CR7 (Data Class) - A class contains only crude methods"
9,ApoPongBeat,"CR7 (Data Class) - A class contains only crude methods"
11,ApoPongBeat,"CR7 (Data Class) - A class contains only crude methods"
14,ApoPongBeat,"CR7 (Data Class) - A class contains only crude methods"
16,ApoPongBeat,"CR7 (Data Class) - A class contains only crude methods"
9,ApoPongBeat,"CR7 (Data Class) - A class contains only crude methods"
8,ApoPongBeat,"CR7 (Data Class) - A class contains only crude methods"
16,ApoPongBeat,"CR7 (Data Class) - A class contains only crude methods"
10,ApoPongBeat,"CR7 (Data Class) - A class contains only crude methods"
5,ApoPongBeat,"CR7 (Data Class) - A class contains only crude methods"
9,ApoPongBeat,"CR7 (Data Class) - A class contains only crude methods"
5,ApoPongBeat,"CR7 (Data Class) - A class contains only crude methods"
5,ApoRelax,"CR1 (Large Class) - A class has many fields"
1224,ApoRelax,"CR1 (Large Class) - A class has many fields"
9,ApoRelax,"CR1 (Large Class) - A class has many fields"
7,ApoRelax,"CR2 (Large Class) - A class has many methods"
24,ApoRelax,"CR2 (Large Class) - A class has many methods"
27,ApoRelax,"CR2 (Large Class) - A class has many methods"
424,ApoRelax,"CR2 (Large Class) - A class has many methods"
5,ApoRelax,"CR2 (Large Class) - A class has many methods"
6,ApoRelax,"CR2 (Large Class) - A class has many methods"
41,ApoRelax,"CR2 (Large Class) - A class has many methods"
47,ApoRelax,"CR2 (Large Class) - A class has many methods"
5,ApoRelax,"CR2 (Large Class) - A class has many methods"
394,ApoRelax,"CR3 (Long Methods) - A method contains too many lines of code."
6,ApoRelax,"CR3 (Long Methods) - A method contains too many lines of code."
740,ApoRelax,"CR3 (Long Methods) - A method contains too many lines of code."
7,ApoRelax,"CR3 (Long Methods) - A method contains too many lines of code."
401,ApoRelax,"CR3 (Long Methods) - A method contains too many lines of code."
7,ApoRelax,"CR3 (Long Methods) - A method contains too many lines of code."
349,ApoRelax,"CR3 (Long Methods) - A method contains too many lines of code."
511,ApoRelax,"CR3 (Long Methods) - A method contains too many lines of code."
9,ApoRelax,"CR3 (Long Methods) - A method contains too many lines of code."
312,ApoRelax,"CR3 (Long Methods) - A method contains too many lines of code."
6039,ApoRelax,"CR3 (Long Methods) - A method contains too many lines of code."
61,ApoRelax,"CR4 (Long Parameter List) - A method contains too many parameters."
58,ApoRelax,"CR4 (Long Parameter List) - A method contains too many parameters."
48,ApoRelax,"CR4 (Long Parameter List) - A method contains too many parameters."
42,ApoRelax,"CR4 (Long Parameter List) - A method contains too many parameters."
39,ApoRelax,"CR4 (Long Parameter List) - A method contains too many parameters."
39,ApoRelax,"CR4 (Long Parameter List) - A method contains too many parameters."
49,ApoRelax,"CR4 (Long Parameter List) - A method contains too many parameters."
69,ApoRelax,"CR4 (Long Parameter List) - A method contains too many parameters."
49,ApoRelax,"CR4 (Long Parameter List) - A method contains too many parameters."
55,ApoRelax,"CR4 (Long Parameter List) - A method contains too many parameters."
70,ApoRelax,"CR4 (Long Parameter List) - A method contains too many parameters."
51,ApoRelax,"CR4 (Long Parameter List) - A method contains too many parameters."
55,ApoRelax,"CR4 (Long Parameter List) - A method contains too many parameters."
38,ApoRelax,"CR4 (Long Parameter List) - A method contains too many parameters."
78,ApoRelax,"CR4 (Long Parameter List) - A method contains too many parameters."
63,ApoRelax,"CR4 (Long Parameter List) - A method contains too many parameters."
49,ApoRelax,"CR4 (Long Parameter List) - A method contains too many parameters."
44,ApoRelax,"CR4 (Long Parameter List) - A method contains too many parameters."
49,ApoRelax,"CR4 (Long Parameter List) - A method contains too many parameters."
49,ApoRelax,"CR4 (Long Parameter List) - A method contains too many parameters."
29,ApoRelax,"CR4 (Long Parameter List) - A method contains too many parameters."
22,ApoRelax,"CR4 (Long Parameter List) - A method contains too many parameters."
64,ApoRelax,"CR4 (Long Parameter List) - A method contains too many parameters."
47,ApoRelax,"CR4 (Long Parameter List) - A method contains too many parameters."
56,ApoRelax,"CR4 (Long Parameter List) - A method contains too many parameters."
49,ApoRelax,"CR4 (Long Parameter List) - A method contains too many parameters."
44,ApoRelax,"CR4 (Long Parameter List) - A method contains too many parameters."
84,ApoRelax,"CR4 (Long Parameter List) - A method contains too many parameters."
64,ApoRelax,"CR4 (Long Parameter List) - A method contains too many parameters."
26,ApoRelax,"CR4 (Long Parameter List) - A method contains too many parameters."
55,ApoRelax,"CR4 (Long Parameter List) - A method contains too many parameters."
41,ApoRelax,"CR4 (Long Parameter List) - A method contains too many parameters."
33,ApoRelax,"CR4 (Long Parameter List) - A method contains too many parameters."
67,ApoRelax,"CR4 (Long Parameter List) - A method contains too many parameters."
40,ApoRelax,"CR4 (Long Parameter List) - A method contains too many parameters."
93,ApoRelax,"CR4 (Long Parameter List) - A method contains too many parameters."
40,ApoRelax,"CR4 (Long Parameter List) - A method contains too many parameters."
9,ApoRelax,"CR7 (Data Class) - A class contains only crude methods"
6,ApoRelax,"CR7 (Data Class) - A class contains only crude methods"
11,ApoRelax,"CR7 (Data Class) - A class contains only crude methods"
15,ApoRelax,"CR7 (Data Class) - A class contains only crude methods"
5,ApoRelax,"CR7 (Data Class) - A class contains only crude methods"
11,ApoRelax,"CR7 (Data Class) - A class contains only crude methods"
13,ApoRelax,"CR7 (Data Class) - A class contains only crude methods"
7,ApoRelax,"CR7 (Data Class) - A class contains only crude methods"
14,ApoRelax,"CR7 (Data Class) - A class contains only crude methods"
12,ApoRelax,"CR7 (Data Class) - A class contains only crude methods"
26,ApoSimple,"CR1 (Large Class) - A class has many fields"
5,ApoSimple,"CR1 (Large Class) - A class has many fields"
63,ApoSimple,"CR1 (Large Class) - A class has many fields"
53,ApoSimple,"CR1 (Large Class) - A class has many fields"
12,ApoSimple,"CR1 (Large Class) - A class has many fields"
5,ApoSimple,"CR1 (Large Class) - A class has many fields"
4,ApoSimple,"CR1 (Large Class) - A class has many fields"
21,ApoSimple,"CR2 (Large Class) - A class has many methods"
6,ApoSimple,"CR2 (Large Class) - A class has many methods"
6,ApoSimple,"CR2 (Large Class) - A class has many methods"
18,ApoSimple,"CR2 (Large Class) - A class has many methods"
68,ApoSimple,"CR2 (Large Class) - A class has many methods"
34,ApoSimple,"CR2 (Large Class) - A class has many methods"
58,ApoSimple,"CR2 (Large Class) - A class has many methods"
3,ApoSimple,"CR2 (Large Class) - A class has many methods"
38,ApoSimple,"CR2 (Large Class) - A class has many methods"
6,ApoSimple,"CR2 (Large Class) - A class has many methods"
43,ApoSimple,"CR2 (Large Class) - A class has many methods"
8,ApoSimple,"CR2 (Large Class) - A class has many methods"
71,ApoSimple,"CR2 (Large Class) - A class has many methods"
28,ApoSimple,"CR2 (Large Class) - A class has many methods"
63,ApoSimple,"CR2 (Large Class) - A class has many methods"
6,ApoSimple,"CR2 (Large Class) - A class has many methods"
31,ApoSimple,"CR3 (Long Methods) - A method contains too many lines of code."
21,ApoSimple,"CR3 (Long Methods) - A method contains too many lines of code."
28,ApoSimple,"CR3 (Long Methods) - A method contains too many lines of code."
6,ApoSimple,"CR3 (Long Methods) - A method contains too many lines of code."
4,ApoSimple,"CR3 (Long Methods) - A method contains too many lines of code."
7,ApoSimple,"CR3 (Long Methods) - A method contains too many lines of code."
6,ApoSimple,"CR3 (Long Methods) - A method contains too many lines of code."
27,ApoSimple,"CR3 (Long Methods) - A method contains too many lines of code."
41,ApoSimple,"CR3 (Long Methods) - A method contains too many lines of code."
46,ApoSimple,"CR3 (Long Methods) - A method contains too many lines of code."
61,ApoSimple,"CR4 (Long Parameter List) - A method contains too many parameters."
17,ApoSimple,"CR4 (Long Parameter List) - A method contains too many parameters."
14,ApoSimple,"CR4 (Long Parameter List) - A method contains too many parameters."
22,ApoSimple,"CR4 (Long Parameter List) - A method contains too many parameters."
24,ApoSimple,"CR4 (Long Parameter List) - A method contains too many parameters."
22,ApoSimple,"CR4 (Long Parameter List) - A method contains too many parameters."
10,ApoSimple,"CR4 (Long Parameter List) - A method contains too many parameters."
15,ApoSimple,"CR4 (Long Parameter List) - A method contains too many parameters."
8,ApoSimple,"CR4 (Long Parameter List) - A method contains too many parameters."
16,ApoSimple,"CR4 (Long Parameter List) - A method contains too many parameters."
33,ApoSimple,"CR4 (Long Parameter List) - A method contains too many parameters."
11,ApoSimple,"CR4 (Long Parameter List) - A method contains too many parameters."
29,ApoSimple,"CR4 (Long Parameter List) - A method contains too many parameters."
16,ApoSimple,"CR4 (Long Parameter List) - A method contains too many parameters."
14,ApoSimple,"CR4 (Long Parameter List) - A method contains too many parameters."
25,ApoSimple,"CR4 (Long Parameter List) - A method contains too many parameters."
12,ApoSimple,"CR4 (Long Parameter List) - A method contains too many parameters."
20,ApoSimple,"CR4 (Long Parameter List) - A method contains too many parameters."
28,ApoSimple,"CR4 (Long Parameter List) - A method contains too many parameters."
18,ApoSimple,"CR4 (Long Parameter List) - A method contains too many parameters."
14,ApoSimple,"CR4 (Long Parameter List) - A method contains too many parameters."
12,ApoSimple,"CR4 (Long Parameter List) - A method contains too many parameters."
9,ApoSimple,"CR4 (Long Parameter List) - A method contains too many parameters."
12,ApoSimple,"CR4 (Long Parameter List) - A method contains too many parameters."
10,ApoSimple,"CR4 (Long Parameter List) - A method contains too many parameters."
19,ApoSimple,"CR4 (Long Parameter List) - A method contains too many parameters."
11,ApoSimple,"CR4 (Long Parameter List) - A method contains too many parameters."
10,ApoSimple,"CR4 (Long Parameter List) - A method contains too many parameters."
12,ApoSimple,"CR4 (Long Parameter List) - A method contains too many parameters."
11,ApoSimple,"CR4 (Long Parameter List) - A method contains too many parameters."
10,ApoSimple,"CR4 (Long Parameter List) - A method contains too many parameters."
15,ApoSimple,"CR4 (Long Parameter List) - A method contains too many parameters."
19,ApoSimple,"CR4 (Long Parameter List) - A method contains too many parameters."
11,ApoSimple,"CR4 (Long Parameter List) - A method contains too many parameters."
10,ApoSimple,"CR4 (Long Parameter List) - A method contains too many parameters."
15,ApoSimple,"CR4 (Long Parameter List) - A method contains too many parameters."
9,ApoSimple,"CR4 (Long Parameter List) - A method contains too many parameters."
17,ApoSimple,"CR4 (Long Parameter List) - A method contains too many parameters."
14,ApoSimple,"CR4 (Long Parameter List) - A method contains too many parameters."
20,ApoSimple,"CR4 (Long Parameter List) - A method contains too many parameters."
8,ApoSimple,"CR4 (Long Parameter List) - A method contains too many parameters."
14,ApoSimple,"CR4 (Long Parameter List) - A method contains too many parameters."
26,ApoSimple,"CR4 (Long Parameter List) - A method contains too many parameters."
15,ApoSimple,"CR4 (Long Parameter List) - A method contains too many parameters."
12,ApoSimple,"CR4 (Long Parameter List) - A method contains too many parameters."
11,ApoSimple,"CR4 (Long Parameter List) - A method contains too many parameters."
13,ApoSimple,"CR4 (Long Parameter List) - A method contains too many parameters."
12,ApoSimple,"CR4 (Long Parameter List) - A method contains too many parameters."
17,ApoSimple,"CR4 (Long Parameter List) - A method contains too many parameters."
7,ApoSimple,"CR4 (Long Parameter List) - A method contains too many parameters."
16,ApoSimple,"CR4 (Long Parameter List) - A method contains too many parameters."
8,ApoSimple,"CR4 (Long Parameter List) - A method contains too many parameters."
19,ApoSimple,"CR4 (Long Parameter List) - A method contains too many parameters."
14,ApoSimple,"CR4 (Long Parameter List) - A method contains too many parameters."
12,ApoSimple,"CR4 (Long Parameter List) - A method contains too many parameters."
10,ApoSimple,"CR4 (Long Parameter List) - A method contains too many parameters."
11,ApoSimple,"CR7 (Data Class) - A class contains only crude methods"
6,ApoSimple,"CR7 (Data Class) - A class contains only crude methods"
23,ApoSimple,"CR7 (Data Class) - A class contains only crude methods"
20,ApoSimple,"CR7 (Data Class) - A class contains only crude methods"
13,ApoSimple,"CR7 (Data Class) - A class contains only crude methods"
6,ApoSimple,"CR7 (Data Class) - A class contains only crude methods"
6,ApoSimple,"CR7 (Data Class) - A class contains only crude methods"
55,ApoSimple,"CR7 (Data Class) - A class contains only crude methods"
12,ApoSimple,"CR7 (Data Class) - A class contains only crude methods"
155,ApoSimple,"CR7 (Data Class) - A class contains only crude methods"
21,ApoSimple,"CR7 (Data Class) - A class contains only crude methods"
13,ApoSimple,"CR7 (Data Class) - A class contains only crude methods"
10,ApoSimple,"CR7 (Data Class) - A class contains only crude methods"
4,ApoSimpleSudoku,"CR1 (Large Class) - A class has many fields"
4,ApoSimpleSudoku,"CR2 (Large Class) - A class has many methods"
28,ApoSimpleSudoku,"CR2 (Large Class) - A class has many methods"
38,ApoSimpleSudoku,"CR2 (Large Class) - A class has many methods"
34,ApoSimpleSudoku,"CR2 (Large Class) - A class has many methods"
9,ApoSimpleSudoku,"CR2 (Large Class) - A class has many methods"
23,ApoSimpleSudoku,"CR2 (Large Class) - A class has many methods"
4,ApoSimpleSudoku,"CR2 (Large Class) - A class has many methods"
4,ApoSimpleSudoku,"CR3 (Long Methods) - A method contains too many lines of code."
7,ApoSimpleSudoku,"CR3 (Long Methods) - A method contains too many lines of code."
4,ApoSimpleSudoku,"CR3 (Long Methods) - A method contains too many lines of code."
43,ApoSimpleSudoku,"CR4 (Long Parameter List) - A method contains too many parameters."
25,ApoSimpleSudoku,"CR4 (Long Parameter List) - A method contains too many parameters."
29,ApoSimpleSudoku,"CR4 (Long Parameter List) - A method contains too many parameters."
44,ApoSimpleSudoku,"CR4 (Long Parameter List) - A method contains too many parameters."
51,ApoSimpleSudoku,"CR4 (Long Parameter List) - A method contains too many parameters."
62,ApoSimpleSudoku,"CR4 (Long Parameter List) - A method contains too many parameters."
36,ApoSimpleSudoku,"CR4 (Long Parameter List) - A method contains too many parameters."
43,ApoSimpleSudoku,"CR4 (Long Parameter List) - A method contains too many parameters."
54,ApoSimpleSudoku,"CR4 (Long Parameter List) - A method contains too many parameters."
59,ApoSimpleSudoku,"CR4 (Long Parameter List) - A method contains too many parameters."
62,ApoSimpleSudoku,"CR4 (Long Parameter List) - A method contains too many parameters."
25,ApoSimpleSudoku,"CR4 (Long Parameter List) - A method contains too many parameters."
55,ApoSimpleSudoku,"CR4 (Long Parameter List) - A method contains too many parameters."
135,ApoSimpleSudoku,"CR4 (Long Parameter List) - A method contains too many parameters."
68,ApoSimpleSudoku,"CR4 (Long Parameter List) - A method contains too many parameters."
81,ApoSimpleSudoku,"CR4 (Long Parameter List) - A method contains too many parameters."
75,ApoSimpleSudoku,"CR4 (Long Parameter List) - A method contains too many parameters."
34,ApoSimpleSudoku,"CR4 (Long Parameter List) - A method contains too many parameters."
61,ApoSimpleSudoku,"CR4 (Long Parameter List) - A method contains too many parameters."
23,ApoSimpleSudoku,"CR4 (Long Parameter List) - A method contains too many parameters."
36,ApoSimpleSudoku,"CR4 (Long Parameter List) - A method contains too many parameters."
32,ApoSimpleSudoku,"CR4 (Long Parameter List) - A method contains too many parameters."
70,ApoSimpleSudoku,"CR4 (Long Parameter List) - A method contains too many parameters."
76,ApoSimpleSudoku,"CR4 (Long Parameter List) - A method contains too many parameters."
58,ApoSimpleSudoku,"CR4 (Long Parameter List) - A method contains too many parameters."
37,ApoSimpleSudoku,"CR4 (Long Parameter List) - A method contains too many parameters."
44,ApoSimpleSudoku,"CR4 (Long Parameter List) - A method contains too many parameters."
32,ApoSimpleSudoku,"CR4 (Long Parameter List) - A method contains too many parameters."
16,ApoSimpleSudoku,"CR7 (Data Class) - A class contains only crude methods"
8,ApoSimpleSudoku,"CR7 (Data Class) - A class contains only crude methods"
16,ApoSimpleSudoku,"CR7 (Data Class) - A class contains only crude methods"
6,ApoSimpleSudoku,"CR7 (Data Class) - A class contains only crude methods"
15,ApoSimpleSudoku,"CR7 (Data Class) - A class contains only crude methods"
9,ApoSimpleSudoku,"CR7 (Data Class) - A class contains only crude methods"
8,ApoSimpleSudoku,"CR7 (Data Class) - A class contains only crude methods"
6,ApoSimpleSudoku,"CR7 (Data Class) - A class contains only crude methods"
7,ApoSimpleSudoku,"CR7 (Data Class) - A class contains only crude methods"
101,ApoSimpleSudoku,"CR7 (Data Class) - A class contains only crude methods"
2113,ApoStarz,"CR1 (Large Class) - A class has many fields"
449,ApoStarz,"CR1 (Large Class) - A class has many fields"
5,ApoStarz,"CR1 (Large Class) - A class has many fields"
7,ApoStarz,"CR2 (Large Class) - A class has many methods"
10,ApoStarz,"CR2 (Large Class) - A class has many methods"
5,ApoStarz,"CR2 (Large Class) - A class has many methods"
7,ApoStarz,"CR2 (Large Class) - A class has many methods"
22,ApoStarz,"CR2 (Large Class) - A class has many methods"
35,ApoStarz,"CR2 (Large Class) - A class has many methods"
47,ApoStarz,"CR2 (Large Class) - A class has many methods"
5,ApoStarz,"CR3 (Long Methods) - A method contains too many lines of code."
568,ApoStarz,"CR3 (Long Methods) - A method contains too many lines of code."
9,ApoStarz,"CR3 (Long Methods) - A method contains too many lines of code."
89,ApoStarz,"CR4 (Long Parameter List) - A method contains too many parameters."
53,ApoStarz,"CR4 (Long Parameter List) - A method contains too many parameters."
42,ApoStarz,"CR4 (Long Parameter List) - A method contains too many parameters."
80,ApoStarz,"CR4 (Long Parameter List) - A method contains too many parameters."
134,ApoStarz,"CR4 (Long Parameter List) - A method contains too many parameters."
84,ApoStarz,"CR4 (Long Parameter List) - A method contains too many parameters."
48,ApoStarz,"CR4 (Long Parameter List) - A method contains too many parameters."
88,ApoStarz,"CR4 (Long Parameter List) - A method contains too many parameters."
68,ApoStarz,"CR4 (Long Parameter List) - A method contains too many parameters."
54,ApoStarz,"CR4 (Long Parameter List) - A method contains too many parameters."
52,ApoStarz,"CR4 (Long Parameter List) - A method contains too many parameters."
54,ApoStarz,"CR4 (Long Parameter List) - A method contains too many parameters."
58,ApoStarz,"CR4 (Long Parameter List) - A method contains too many parameters."
70,ApoStarz,"CR4 (Long Parameter List) - A method contains too many parameters."
81,ApoStarz,"CR4 (Long Parameter List) - A method contains too many parameters."
87,ApoStarz,"CR4 (Long Parameter List) - A method contains too many parameters."
25,ApoStarz,"CR4 (Long Parameter List) - A method contains too many parameters."
25,ApoStarz,"CR4 (Long Parameter List) - A method contains too many parameters."
36,ApoStarz,"CR4 (Long Parameter List) - A method contains too many parameters."
31,ApoStarz,"CR4 (Long Parameter List) - A method contains too many parameters."
83,ApoStarz,"CR4 (Long Parameter List) - A method contains too many parameters."
28,ApoStarz,"CR4 (Long Parameter List) - A method contains too many parameters."
25,ApoStarz,"CR7 (Data Class) - A class contains only crude methods"
8,ApoStarz,"CR7 (Data Class) - A class contains only crude methods"
8,ApoStarz,"CR7 (Data Class) - A class contains only crude methods"
14,ApoStarz,"CR7 (Data Class) - A class contains only crude methods"
10,ApoStarz,"CR7 (Data Class) - A class contains only crude methods"
33,ApoStarz,"CR7 (Data Class) - A class contains only crude methods"
10,ApoStarz,"CR7 (Data Class) - A class contains only crude methods"
10,ApoStarz,"CR7 (Data Class) - A class contains only crude methods"
5,ApoStarz,"CR7 (Data Class) - A class contains only crude methods"
12,TutorVolley,"CR7 (Data Class) - A class contains only crude methods"
11,TutorVolley,"CR7 (Data Class) - A class contains only crude methods"
24,TutorVolley,"CR7 (Data Class) - A class contains only crude methods"
9,TutorVolley,"CR7 (Data Class) - A class contains only crude methods"
11,TutorVolley,"CR7 (Data Class) - A class contains only crude methods"
52,ApoClock,"CR2 (Large Class) - A class has many methods"
8,ApoClock,"CR2 (Large Class) - A class has many methods"
10,ApoClock,"CR3 (Long Methods) - A method contains too many lines of code."
9,ApoClock,"CR3 (Long Methods) - A method contains too many lines of code."
433,ApoClock,"CR3 (Long Methods) - A method contains too many lines of code."
41,ApoClock,"CR4 (Long Parameter List) - A method contains too many parameters."
41,ApoClock,"CR4 (Long Parameter List) - A method contains too many parameters."
54,ApoClock,"CR4 (Long Parameter List) - A method contains too many parameters."
72,ApoClock,"CR4 (Long Parameter List) - A method contains too many parameters."
42,ApoClock,"CR4 (Long Parameter List) - A method contains too many parameters."
33,ApoClock,"CR4 (Long Parameter List) - A method contains too many parameters."
46,ApoClock,"CR4 (Long Parameter List) - A method contains too many parameters."
36,ApoClock,"CR4 (Long Parameter List) - A method contains too many parameters."
74,ApoClock,"CR4 (Long Parameter List) - A method contains too many parameters."
56,ApoClock,"CR4 (Long Parameter List) - A method contains too many parameters."
41,ApoClock,"CR4 (Long Parameter List) - A method contains too many parameters."
53,ApoClock,"CR4 (Long Parameter List) - A method contains too many parameters."
38,ApoClock,"CR4 (Long Parameter List) - A method contains too many parameters."
58,ApoClock,"CR4 (Long Parameter List) - A method contains too many parameters."
43,ApoClock,"CR4 (Long Parameter List) - A method contains too many parameters."
45,ApoClock,"CR4 (Long Parameter List) - A method contains too many parameters."
47,ApoClock,"CR4 (Long Parameter List) - A method contains too many parameters."
35,ApoClock,"CR4 (Long Parameter List) - A method contains too many parameters."
32,ApoClock,"CR4 (Long Parameter List) - A method contains too many parameters."
26,ApoClock,"CR7 (Data Class) - A class contains only crude methods"
9,ApoClock,"CR7 (Data Class) - A class contains only crude methods"
9,ApoClock,"CR7 (Data Class) - A class contains only crude methods"
9,ApoClock,"CR7 (Data Class) - A class contains only crude methods"
7,ApoClock,"CR7 (Data Class) - A class contains only crude methods"
6,ApoClock,"CR7 (Data Class) - A class contains only crude methods"
6,ApoDice,"CR2 (Large Class) - A class has many methods"
23,ApoDice,"CR2 (Large Class) - A class has many methods"
390,ApoDice,"CR3 (Long Methods) - A method contains too many lines of code."
43,ApoDice,"CR4 (Long Parameter List) - A method contains too many parameters."
44,ApoDice,"CR4 (Long Parameter List) - A method contains too many parameters."
33,ApoDice,"CR4 (Long Parameter List) - A method contains too many parameters."
41,ApoDice,"CR4 (Long Parameter List) - A method contains too many parameters."
51,ApoDice,"CR4 (Long Parameter List) - A method contains too many parameters."
32,ApoDice,"CR4 (Long Parameter List) - A method contains too many parameters."
43,ApoDice,"CR4 (Long Parameter List) - A method contains too many parameters."
75,ApoDice,"CR4 (Long Parameter List) - A method contains too many parameters."
31,ApoDice,"CR4 (Long Parameter List) - A method contains too many parameters."
35,ApoDice,"CR4 (Long Parameter List) - A method contains too many parameters."
61,ApoDice,"CR4 (Long Parameter List) - A method contains too many parameters."
56,ApoDice,"CR4 (Long Parameter List) - A method contains too many parameters."
12,ApoDice,"CR7 (Data Class) - A class contains only crude methods"
6,ApoDice,"CR7 (Data Class) - A class contains only crude methods"
6,ApoDice,"CR7 (Data Class) - A class contains only crude methods"
8,ApoDice,"CR7 (Data Class) - A class contains only crude methods"
6,ApoDice,"CR7 (Data Class) - A class contains only crude methods"
9,ApoDice,"CR7 (Data Class) - A class contains only crude methods"
12,ApoDice,"CR7 (Data Class) - A class contains only crude methods"
9,ApoMonoAndroid,"CR1 (Large Class) - A class has many fields"
64,ApoMonoAndroid,"CR1 (Large Class) - A class has many fields"
69,ApoMonoAndroid,"CR2 (Large Class) - A class has many methods"
37,ApoMonoAndroid,"CR2 (Large Class) - A class has many methods"
68,ApoMonoAndroid,"CR2 (Large Class) - A class has many methods"
6,ApoMonoAndroid,"CR2 (Large Class) - A class has many methods"
25,ApoMonoAndroid,"CR3 (Long Methods) - A method contains too many lines of code."
39,ApoMonoAndroid,"CR3 (Long Methods) - A method contains too many lines of code."
39,ApoMonoAndroid,"CR3 (Long Methods) - A method contains too many lines of code."
27,ApoMonoAndroid,"CR3 (Long Methods) - A method contains too many lines of code."
41,ApoMonoAndroid,"CR3 (Long Methods) - A method contains too many lines of code."
20,ApoMonoAndroid,"CR4 (Long Parameter List) - A method contains too many parameters."
11,ApoMonoAndroid,"CR4 (Long Parameter List) - A method contains too many parameters."
13,ApoMonoAndroid,"CR4 (Long Parameter List) - A method contains too many parameters."
18,ApoMonoAndroid,"CR4 (Long Parameter List) - A method contains too many parameters."
10,ApoMonoAndroid,"CR4 (Long Parameter List) - A method contains too many parameters."
18,ApoMonoAndroid,"CR4 (Long Parameter List) - A method contains too many parameters."
12,ApoMonoAndroid,"CR4 (Long Parameter List) - A method contains too many parameters."
12,ApoMonoAndroid,"CR4 (Long Parameter List) - A method contains too many parameters."
19,ApoMonoAndroid,"CR4 (Long Parameter List) - A method contains too many parameters."
10,ApoMonoAndroid,"CR4 (Long Parameter List) - A method contains too many parameters."
12,ApoMonoAndroid,"CR4 (Long Parameter List) - A method contains too many parameters."
11,ApoMonoAndroid,"CR4 (Long Parameter List) - A method contains too many parameters."
19,ApoMonoAndroid,"CR4 (Long Parameter List) - A method contains too many parameters."
16,ApoMonoAndroid,"CR4 (Long Parameter List) - A method contains too many parameters."
14,ApoMonoAndroid,"CR4 (Long Parameter List) - A method contains too many parameters."
17,ApoMonoAndroid,"CR4 (Long Parameter List) - A method contains too many parameters."
11,ApoMonoAndroid,"CR4 (Long Parameter List) - A method contains too many parameters."
16,ApoMonoAndroid,"CR4 (Long Parameter List) - A method contains too many parameters."
17,ApoMonoAndroid,"CR4 (Long Parameter List) - A method contains too many parameters."
13,ApoMonoAndroid,"CR4 (Long Parameter List) - A method contains too many parameters."
12,ApoMonoAndroid,"CR4 (Long Parameter List) - A method contains too many parameters."
11,ApoMonoAndroid,"CR4 (Long Parameter List) - A method contains too many parameters."
9,ApoMonoAndroid,"CR4 (Long Parameter List) - A method contains too many parameters."
17,ApoMonoAndroid,"CR4 (Long Parameter List) - A method contains too many parameters."
13,ApoMonoAndroid,"CR4 (Long Parameter List) - A method contains too many parameters."
14,ApoMonoAndroid,"CR4 (Long Parameter List) - A method contains too many parameters."
22,ApoMonoAndroid,"CR4 (Long Parameter List) - A method contains too many parameters."
10,ApoMonoAndroid,"CR4 (Long Parameter List) - A method contains too many parameters."
10,ApoMonoAndroid,"CR4 (Long Parameter List) - A method contains too many parameters."
19,ApoMonoAndroid,"CR4 (Long Parameter List) - A method contains too many parameters."
9,ApoMonoAndroid,"CR7 (Data Class) - A class contains only crude methods"
18,ApoMonoAndroid,"CR7 (Data Class) - A class contains only crude methods"
12,ApoMonoAndroid,"CR7 (Data Class) - A class contains only crude methods"
8,ApoMonoAndroid,"CR7 (Data Class) - A class contains only crude methods"
8,ApoMonoAndroid,"CR7 (Data Class) - A class contains only crude methods"
13,ApoSnake,"CR2 (Large Class) - A class has many methods"
48,ApoSnake,"CR2 (Large Class) - A class has many methods"
373,ApoSnake,"CR3 (Long Methods) - A method contains too many lines of code."
416,ApoSnake,"CR3 (Long Methods) - A method contains too many lines of code."
5,ApoSnake,"CR3 (Long Methods) - A method contains too many lines of code."
544,ApoSnake,"CR3 (Long Methods) - A method contains too many lines of code."
48,ApoSnake,"CR4 (Long Parameter List) - A method contains too many parameters."
32,ApoSnake,"CR4 (Long Parameter List) - A method contains too many parameters."
47,ApoSnake,"CR4 (Long Parameter List) - A method contains too many parameters."
52,ApoSnake,"CR4 (Long Parameter List) - A method contains too many parameters."
55,ApoSnake,"CR4 (Long Parameter List) - A method contains too many parameters."
57,ApoSnake,"CR4 (Long Parameter List) - A method contains too many parameters."
52,ApoSnake,"CR4 (Long Parameter List) - A method contains too many parameters."
36,ApoSnake,"CR4 (Long Parameter List) - A method contains too many parameters."
58,ApoSnake,"CR4 (Long Parameter List) - A method contains too many parameters."
33,ApoSnake,"CR4 (Long Parameter List) - A method contains too many parameters."
48,ApoSnake,"CR4 (Long Parameter List) - A method contains too many parameters."
43,ApoSnake,"CR4 (Long Parameter List) - A method contains too many parameters."
56,ApoSnake,"CR4 (Long Parameter List) - A method contains too many parameters."
10,ApoSnake,"CR7 (Data Class) - A class contains only crude methods"
11,ApoSnake,"CR7 (Data Class) - A class contains only crude methods"
5,ApoSnake,"CR7 (Data Class) - A class contains only crude methods"
10,ApoSnake,"CR7 (Data Class) - A class contains only crude methods"
19,ApoSnake,"CR7 (Data Class) - A class contains only crude methods"
6,ApoSnake,"CR7 (Data Class) - A class contains only crude methods"
17,ApoSnake,"CR7 (Data Class) - A class contains only crude methods"
875,BitsEngineAndroid,"CR1 (Large Class) - A class has many fields"
5,BitsEngineAndroid,"CR1 (Large Class) - A class has many fields"
7,BitsEngineAndroid,"CR1 (Large Class) - A class has many fields"
451,BitsEngineAndroid,"CR1 (Large Class) - A class has many fields"
7,BitsEngineAndroid,"CR1 (Large Class) - A class has many fields"
5,BitsEngineAndroid,"CR2 (Large Class) - A class has many methods"
9,BitsEngineAndroid,"CR2 (Large Class) - A class has many methods"
33,BitsEngineAndroid,"CR2 (Large Class) - A class has many methods"
6,BitsEngineAndroid,"CR2 (Large Class) - A class has many methods"
5,BitsEngineAndroid,"CR2 (Large Class) - A class has many methods"
4,BitsEngineAndroid,"CR2 (Large Class) - A class has many methods"
57,BitsEngineAndroid,"CR2 (Large Class) - A class has many methods"
40,BitsEngineAndroid,"CR2 (Large Class) - A class has many methods"
371,BitsEngineAndroid,"CR3 (Long Methods) - A method contains too many lines of code."
188,BitsEngineAndroid,"CR3 (Long Methods) - A method contains too many lines of code."
185,BitsEngineAndroid,"CR3 (Long Methods) - A method contains too many lines of code."
6,BitsEngineAndroid,"CR3 (Long Methods) - A method contains too many lines of code."
179,BitsEngineAndroid,"CR3 (Long Methods) - A method contains too many lines of code."
368,BitsEngineAndroid,"CR3 (Long Methods) - A method contains too many lines of code."
29,BitsEngineAndroid,"CR4 (Long Parameter List) - A method contains too many parameters."
28,BitsEngineAndroid,"CR4 (Long Parameter List) - A method contains too many parameters."
25,BitsEngineAndroid,"CR4 (Long Parameter List) - A method contains too many parameters."
31,BitsEngineAndroid,"CR4 (Long Parameter List) - A method contains too many parameters."
31,BitsEngineAndroid,"CR4 (Long Parameter List) - A method contains too many parameters."
34,BitsEngineAndroid,"CR4 (Long Parameter List) - A method contains too many parameters."
31,BitsEngineAndroid,"CR4 (Long Parameter List) - A method contains too many parameters."
51,BitsEngineAndroid,"CR4 (Long Parameter List) - A method contains too many parameters."
40,BitsEngineAndroid,"CR4 (Long Parameter List) - A method contains too many parameters."
40,BitsEngineAndroid,"CR4 (Long Parameter List) - A method contains too many parameters."
47,BitsEngineAndroid,"CR4 (Long Parameter List) - A method contains too many parameters."
53,BitsEngineAndroid,"CR4 (Long Parameter List) - A method contains too many parameters."
34,BitsEngineAndroid,"CR4 (Long Parameter List) - A method contains too many parameters."
43,BitsEngineAndroid,"CR4 (Long Parameter List) - A method contains too many parameters."
30,BitsEngineAndroid,"CR4 (Long Parameter List) - A method contains too many parameters."
43,BitsEngineAndroid,"CR4 (Long Parameter List) - A method contains too many parameters."
51,BitsEngineAndroid,"CR4 (Long Parameter List) - A method contains too many parameters."
43,BitsEngineAndroid,"CR4 (Long Parameter List) - A method contains too many parameters."
33,BitsEngineAndroid,"CR4 (Long Parameter List) - A method contains too many parameters."
29,BitsEngineAndroid,"CR4 (Long Parameter List) - A method contains too many parameters."
51,BitsEngineAndroid,"CR4 (Long Parameter List) - A method contains too many parameters."
26,BitsEngineAndroid,"CR4 (Long Parameter List) - A method contains too many parameters."
54,BitsEngineAndroid,"CR4 (Long Parameter List) - A method contains too many parameters."
40,BitsEngineAndroid,"CR4 (Long Parameter List) - A method contains too many parameters."
39,BitsEngineAndroid,"CR4 (Long Parameter List) - A method contains too many parameters."
46,BitsEngineAndroid,"CR4 (Long Parameter List) - A method contains too many parameters."
33,BitsEngineAndroid,"CR4 (Long Parameter List) - A method contains too many parameters."
23,BitsEngineAndroid,"CR4 (Long Parameter List) - A method contains too many parameters."
31,BitsEngineAndroid,"CR4 (Long Parameter List) - A method contains too many parameters."
42,BitsEngineAndroid,"CR4 (Long Parameter List) - A method contains too many parameters."
30,BitsEngineAndroid,"CR4 (Long Parameter List) - A method contains too many parameters."
28,BitsEngineAndroid,"CR4 (Long Parameter List) - A method contains too many parameters."
44,BitsEngineAndroid,"CR4 (Long Parameter List) - A method contains too many parameters."
56,BitsEngineAndroid,"CR4 (Long Parameter List) - A method contains too many parameters."
36,BitsEngineAndroid,"CR4 (Long Parameter List) - A method contains too many parameters."
34,BitsEngineAndroid,"CR4 (Long Parameter List) - A method contains too many parameters."
48,BitsEngineAndroid,"CR4 (Long Parameter List) - A method contains too many parameters."
27,BitsEngineAndroid,"CR4 (Long Parameter List) - A method contains too many parameters."
40,BitsEngineAndroid,"CR4 (Long Parameter List) - A method contains too many parameters."
28,BitsEngineAndroid,"CR4 (Long Parameter List) - A method contains too many parameters."
27,BitsEngineAndroid,"CR4 (Long Parameter List) - A method contains too many parameters."
53,BitsEngineAndroid,"CR4 (Long Parameter List) - A method contains too many parameters."
40,BitsEngineAndroid,"CR4 (Long Parameter List) - A method contains too many parameters."
43,BitsEngineAndroid,"CR4 (Long Parameter List) - A method contains too many parameters."
33,BitsEngineAndroid,"CR4 (Long Parameter List) - A method contains too many parameters."
36,BitsEngineAndroid,"CR4 (Long Parameter List) - A method contains too many parameters."
83,BitsEngineAndroid,"CR4 (Long Parameter List) - A method contains too many parameters."
34,BitsEngineAndroid,"CR4 (Long Parameter List) - A method contains too many parameters."
34,BitsEngineAndroid,"CR4 (Long Parameter List) - A method contains too many parameters."
72,BitsEngineAndroid,"CR4 (Long Parameter List) - A method contains too many parameters."
31,BitsEngineAndroid,"CR4 (Long Parameter List) - A method contains too many parameters."
53,BitsEngineAndroid,"CR4 (Long Parameter List) - A method contains too many parameters."
58,BitsEngineAndroid,"CR4 (Long Parameter List) - A method contains too many parameters."
45,BitsEngineAndroid,"CR4 (Long Parameter List) - A method contains too many parameters."
51,BitsEngineAndroid,"CR4 (Long Parameter List) - A method contains too many parameters."
78,BitsEngineAndroid,"CR4 (Long Parameter List) - A method contains too many parameters."
34,BitsEngineAndroid,"CR4 (Long Parameter List) - A method contains too many parameters."
36,BitsEngineAndroid,"CR4 (Long Parameter List) - A method contains too many parameters."
34,BitsEngineAndroid,"CR4 (Long Parameter List) - A method contains too many parameters."
36,BitsEngineAndroid,"CR4 (Long Parameter List) - A method contains too many parameters."
48,BitsEngineAndroid,"CR4 (Long Parameter List) - A method contains too many parameters."
28,BitsEngineAndroid,"CR4 (Long Parameter List) - A method contains too many parameters."
31,BitsEngineAndroid,"CR4 (Long Parameter List) - A method contains too many parameters."
28,BitsEngineAndroid,"CR4 (Long Parameter List) - A method contains too many parameters."
46,BitsEngineAndroid,"CR4 (Long Parameter List) - A method contains too many parameters."
37,BitsEngineAndroid,"CR4 (Long Parameter List) - A method contains too many parameters."
30,BitsEngineAndroid,"CR4 (Long Parameter List) - A method contains too many parameters."
25,BitsEngineAndroid,"CR4 (Long Parameter List) - A method contains too many parameters."
32,BitsEngineAndroid,"CR4 (Long Parameter List) - A method contains too many parameters."
29,BitsEngineAndroid,"CR4 (Long Parameter List) - A method contains too many parameters."
40,BitsEngineAndroid,"CR4 (Long Parameter List) - A method contains too many parameters."
32,BitsEngineAndroid,"CR4 (Long Parameter List) - A method contains too many parameters."
23,BitsEngineAndroid,"CR4 (Long Parameter List) - A method contains too many parameters."
43,BitsEngineAndroid,"CR4 (Long Parameter List) - A method contains too many parameters."
43,BitsEngineAndroid,"CR4 (Long Parameter List) - A method contains too many parameters."
35,BitsEngineAndroid,"CR4 (Long Parameter List) - A method contains too many parameters."
30,BitsEngineAndroid,"CR4 (Long Parameter List) - A method contains too many parameters."
23,BitsEngineAndroid,"CR4 (Long Parameter List) - A method contains too many parameters."
22,BitsEngineAndroid,"CR4 (Long Parameter List) - A method contains too many parameters."
34,BitsEngineAndroid,"CR4 (Long Parameter List) - A method contains too many parameters."
53,BitsEngineAndroid,"CR4 (Long Parameter List) - A method contains too many parameters."
29,BitsEngineAndroid,"CR4 (Long Parameter List) - A method contains too many parameters."
30,BitsEngineAndroid,"CR4 (Long Parameter List) - A method contains too many parameters."
26,BitsEngineAndroid,"CR4 (Long Parameter List) - A method contains too many parameters."
39,BitsEngineAndroid,"CR4 (Long Parameter List) - A method contains too many parameters."
37,BitsEngineAndroid,"CR4 (Long Parameter List) - A method contains too many parameters."
35,BitsEngineAndroid,"CR4 (Long Parameter List) - A method contains too many parameters."
47,BitsEngineAndroid,"CR4 (Long Parameter List) - A method contains too many parameters."
30,BitsEngineAndroid,"CR4 (Long Parameter List) - A method contains too many parameters."
29,BitsEngineAndroid,"CR4 (Long Parameter List) - A method contains too many parameters."
32,BitsEngineAndroid,"CR4 (Long Parameter List) - A method contains too many parameters."
29,BitsEngineAndroid,"CR4 (Long Parameter List) - A method contains too many parameters."
24,BitsEngineAndroid,"CR4 (Long Parameter List) - A method contains too many parameters."
40,BitsEngineAndroid,"CR4 (Long Parameter List) - A method contains too many parameters."
30,BitsEngineAndroid,"CR4 (Long Parameter List) - A method contains too many parameters."
51,BitsEngineAndroid,"CR4 (Long Parameter List) - A method contains too many parameters."
53,BitsEngineAndroid,"CR4 (Long Parameter List) - A method contains too many parameters."
62,BitsEngineAndroid,"CR4 (Long Parameter List) - A method contains too many parameters."
37,BitsEngineAndroid,"CR4 (Long Parameter List) - A method contains too many parameters."
34,BitsEngineAndroid,"CR4 (Long Parameter List) - A method contains too many parameters."
26,BitsEngineAndroid,"CR4 (Long Parameter List) - A method contains too many parameters."
31,BitsEngineAndroid,"CR4 (Long Parameter List) - A method contains too many parameters."
31,BitsEngineAndroid,"CR4 (Long Parameter List) - A method contains too many parameters."
43,BitsEngineAndroid,"CR4 (Long Parameter List) - A method contains too many parameters."
37,BitsEngineAndroid,"CR4 (Long Parameter List) - A method contains too many parameters."
25,BitsEngineAndroid,"CR4 (Long Parameter List) - A method contains too many parameters."
34,BitsEngineAndroid,"CR4 (Long Parameter List) - A method contains too many parameters."
44,BitsEngineAndroid,"CR4 (Long Parameter List) - A method contains too many parameters."
29,BitsEngineAndroid,"CR4 (Long Parameter List) - A method contains too many parameters."
49,BitsEngineAndroid,"CR4 (Long Parameter List) - A method contains too many parameters."
39,BitsEngineAndroid,"CR4 (Long Parameter List) - A method contains too many parameters."
34,BitsEngineAndroid,"CR4 (Long Parameter List) - A method contains too many parameters."
51,BitsEngineAndroid,"CR4 (Long Parameter List) - A method contains too many parameters."
33,BitsEngineAndroid,"CR4 (Long Parameter List) - A method contains too many parameters."
9,BitsEngineAndroid,"CR7 (Data Class) - A class contains only crude methods"
14,BitsEngineAndroid,"CR7 (Data Class) - A class contains only crude methods"
5,BitsEngineAndroid,"CR7 (Data Class) - A class contains only crude methods"
13,BitsEngineAndroid,"CR7 (Data Class) - A class contains only crude methods"
8,BitsEngineAndroid,"CR7 (Data Class) - A class contains only crude methods"
11,BitsEngineAndroid,"CR7 (Data Class) - A class contains only crude methods"
5,BitsEngineAndroid,"CR7 (Data Class) - A class contains only crude methods"
10,BitsEngineAndroid,"CR7 (Data Class) - A class contains only crude methods"
6,BitsEngineAndroid,"CR7 (Data Class) - A class contains only crude methods"
10,BitsEngineAndroid,"CR7 (Data Class) - A class contains only crude methods"
7,BitsEngineAndroid,"CR7 (Data Class) - A class contains only crude methods"
8,BitsEngineAndroid,"CR7 (Data Class) - A class contains only crude methods"
6,myTreasureAndroid,"CR1 (Large Class) - A class has many fields"
5,myTreasureAndroid,"CR1 (Large Class) - A class has many fields"
33,myTreasureAndroid,"CR1 (Large Class) - A class has many fields"
34,myTreasureAndroid,"CR2 (Large Class) - A class has many methods"
7,myTreasureAndroid,"CR2 (Large Class) - A class has many methods"
47,myTreasureAndroid,"CR2 (Large Class) - A class has many methods"
27,myTreasureAndroid,"CR3 (Long Methods) - A method contains too many lines of code."
38,myTreasureAndroid,"CR3 (Long Methods) - A method contains too many lines of code."
43,myTreasureAndroid,"CR3 (Long Methods) - A method contains too many lines of code."
146,myTreasureAndroid,"CR3 (Long Methods) - A method contains too many lines of code."
34,myTreasureAndroid,"CR3 (Long Methods) - A method contains too many lines of code."
15,myTreasureAndroid,"CR4 (Long Parameter List) - A method contains too many parameters."
23,myTreasureAndroid,"CR4 (Long Parameter List) - A method contains too many parameters."
15,myTreasureAndroid,"CR4 (Long Parameter List) - A method contains too many parameters."
13,myTreasureAndroid,"CR4 (Long Parameter List) - A method contains too many parameters."
25,myTreasureAndroid,"CR4 (Long Parameter List) - A method contains too many parameters."
13,myTreasureAndroid,"CR4 (Long Parameter List) - A method contains too many parameters."
18,myTreasureAndroid,"CR4 (Long Parameter List) - A method contains too many parameters."
12,myTreasureAndroid,"CR4 (Long Parameter List) - A method contains too many parameters."
20,myTreasureAndroid,"CR4 (Long Parameter List) - A method contains too many parameters."
13,myTreasureAndroid,"CR4 (Long Parameter List) - A method contains too many parameters."
14,myTreasureAndroid,"CR4 (Long Parameter List) - A method contains too many parameters."
12,myTreasureAndroid,"CR4 (Long Parameter List) - A method contains too many parameters."
9,myTreasureAndroid,"CR7 (Data Class) - A class contains only crude methods"
52,myTreasureAndroid,"CR7 (Data Class) - A class contains only crude methods"
12,myTreasureAndroid,"CR7 (Data Class) - A class contains only crude methods"
13,myTreasureAndroid,"CR7 (Data Class) - A class contains only crude methods"
8,myTreasureAndroid,"CR7 (Data Class) - A class contains only crude methods"
17,myTreasureAndroid,"CR7 (Data Class) - A class contains only crude methods"
16,myTreasureAndroid,"CR7 (Data Class) - A class contains only crude methods"
41,ApoSlitherLink,"CR1 (Large Class) - A class has many fields"
31,ApoSlitherLink,"CR1 (Large Class) - A class has many fields"
55,ApoSlitherLink,"CR1 (Large Class) - A class has many fields"
4,ApoSlitherLink,"CR2 (Large Class) - A class has many methods"
32,ApoSlitherLink,"CR2 (Large Class) - A class has many methods"
6,ApoSlitherLink,"CR2 (Large Class) - A class has many methods"
39,ApoSlitherLink,"CR2 (Large Class) - A class has many methods"
43,ApoSlitherLink,"CR2 (Large Class) - A class has many methods"
9,ApoSlitherLink,"CR2 (Large Class) - A class has many methods"
19,ApoSlitherLink,"CR2 (Large Class) - A class has many methods"
7,ApoSlitherLink,"CR2 (Large Class) - A class has many methods"
8,ApoSlitherLink,"CR2 (Large Class) - A class has many methods"
37,ApoSlitherLink,"CR3 (Long Methods) - A method contains too many lines of code."
32,ApoSlitherLink,"CR3 (Long Methods) - A method contains too many lines of code."
5,ApoSlitherLink,"CR3 (Long Methods) - A method contains too many lines of code."
34,ApoSlitherLink,"CR3 (Long Methods) - A method contains too many lines of code."
21,ApoSlitherLink,"CR3 (Long Methods) - A method contains too many lines of code."
31,ApoSlitherLink,"CR3 (Long Methods) - A method contains too many lines of code."
5,ApoSlitherLink,"CR3 (Long Methods) - A method contains too many lines of code."
23,ApoSlitherLink,"CR3 (Long Methods) - A method contains too many lines of code."
17,ApoSlitherLink,"CR4 (Long Parameter List) - A method contains too many parameters."
9,ApoSlitherLink,"CR4 (Long Parameter List) - A method contains too many parameters."
16,ApoSlitherLink,"CR4 (Long Parameter List) - A method contains too many parameters."
18,ApoSlitherLink,"CR4 (Long Parameter List) - A method contains too many parameters."
14,ApoSlitherLink,"CR4 (Long Parameter List) - A method contains too many parameters."
11,ApoSlitherLink,"CR4 (Long Parameter List) - A method contains too many parameters."
14,ApoSlitherLink,"CR4 (Long Parameter List) - A method contains too many parameters."
13,ApoSlitherLink,"CR4 (Long Parameter List) - A method contains too many parameters."
13,ApoSlitherLink,"CR4 (Long Parameter List) - A method contains too many parameters."
20,ApoSlitherLink,"CR4 (Long Parameter List) - A method contains too many parameters."
21,ApoSlitherLink,"CR4 (Long Parameter List) - A method contains too many parameters."
21,ApoSlitherLink,"CR4 (Long Parameter List) - A method contains too many parameters."
17,ApoSlitherLink,"CR4 (Long Parameter List) - A method contains too many parameters."
12,ApoSlitherLink,"CR4 (Long Parameter List) - A method contains too many parameters."
14,ApoSlitherLink,"CR4 (Long Parameter List) - A method contains too many parameters."
10,ApoSlitherLink,"CR4 (Long Parameter List) - A method contains too many parameters."
12,ApoSlitherLink,"CR4 (Long Parameter List) - A method contains too many parameters."
14,ApoSlitherLink,"CR4 (Long Parameter List) - A method contains too many parameters."
16,ApoSlitherLink,"CR4 (Long Parameter List) - A method contains too many parameters."
12,ApoSlitherLink,"CR4 (Long Parameter List) - A method contains too many parameters."
18,ApoSlitherLink,"CR4 (Long Parameter List) - A method contains too many parameters."
15,ApoSlitherLink,"CR4 (Long Parameter List) - A method contains too many parameters."
11,ApoSlitherLink,"CR4 (Long Parameter List) - A method contains too many parameters."
11,ApoSlitherLink,"CR4 (Long Parameter List) - A method contains too many parameters."
14,ApoSlitherLink,"CR4 (Long Parameter List) - A method contains too many parameters."
11,ApoSlitherLink,"CR4 (Long Parameter List) - A method contains too many parameters."
10,ApoSlitherLink,"CR4 (Long Parameter List) - A method contains too many parameters."
13,ApoSlitherLink,"CR4 (Long Parameter List) - A method contains too many parameters."
12,ApoSlitherLink,"CR4 (Long Parameter List) - A method contains too many parameters."
11,ApoSlitherLink,"CR7 (Data Class) - A class contains only crude methods"
7,ApoSlitherLink,"CR7 (Data Class) - A class contains only crude methods"
8,ApoSlitherLink,"CR7 (Data Class) - A class contains only crude methods"
7,ApoSlitherLink,"CR7 (Data Class) - A class contains only crude methods"
9,ApoSlitherLink,"CR7 (Data Class) - A class contains only crude methods"
7,ApoSlitherLink,"CR7 (Data Class) - A class contains only crude methods"
6,ApoSlitherLink,"CR7 (Data Class) - A class contains only crude methods"
14,ApoSlitherLink,"CR7 (Data Class) - A class contains only crude methods"
17,ApoSlitherLink,"CR7 (Data Class) - A class contains only crude methods"
8,ApoSlitherLink,"CR7 (Data Class) - A class contains only crude methods"
