time,size,model_name
35,12055,chess
30,12055,chess
32,12055,chess
39,12055,chess
36,12055,chess
31,12055,chess
47,12055,chess
50,12055,chess
92,12055,chess
38,12055,chess
34,12055,chess
114,12055,chess
82,12055,chess
41,12055,chess
89,12055,chess
54,12055,chess
45,12055,chess
55,12055,chess
42,12055,chess
46,12055,chess
53,12055,chess
57,12055,chess
87,12055,chess
52,12055,chess
43,12055,chess
37,12055,chess
40,12055,chess
70,12055,chess
95,12055,chess
60,12055,chess
140,12055,chess
68,12055,chess
58,12055,chess
75,12055,chess
71,12055,chess
110,12055,chess
62,12055,chess
91,12055,chess
97,12055,chess
109,12055,chess
51,12055,chess
59,12055,chess
78,12055,chess
118,12055,chess
48,12055,chess
83,12055,chess
77,12055,chess
98,12055,chess
94,12055,chess
81,12055,chess
127,12055,chess
44,12055,chess
69,12055,chess
67,12055,chess
49,12055,chess
79,12055,chess
103,12055,chess
144,12055,chess
85,12055,chess
177,12055,chess
104,12055,chess
170,12055,chess
115,12055,chess
137,12055,chess
61,12055,chess
64,12055,chess
102,12055,chess
99,12055,chess
101,12055,chess
72,12055,chess
84,12055,chess
96,12055,chess
90,12055,chess
93,12055,chess
86,12055,chess
146,12055,chess
66,12055,chess
88,12055,chess
195,12055,chess
74,12055,chess
56,12055,chess
197,12055,chess
943,12055,chess
138,12055,chess
80,12055,chess
184,12055,chess
63,12055,chess
156,12055,chess
111,12055,chess
222,12055,chess
33,12055,chess
107,12055,chess
123,12055,chess
100,12055,chess
105,12055,chess
113,12055,chess
299,12055,chess
544,12055,chess
121,12055,chess
126,12055,chess
285,12055,chess
129,12055,chess
1248,12055,chess
228,12055,chess
374,12055,chess
180,12055,chess
145,12055,chess
217,12055,chess
159,12055,chess
120,12055,chess
153,12055,chess
108,12055,chess
292,12055,chess
149,12055,chess
73,12055,chess
2007,12055,chess
499,12055,chess
274,12055,chess
185,12055,chess
163,12055,chess
175,12055,chess
346,12055,chess
909,12055,chess
141,12055,chess
1527,12055,chess
389,12055,chess
130,12055,chess
1578,12055,chess
181,12055,chess
151,12055,chess
208,12055,chess
1252,12055,chess
117,12055,chess
131,12055,chess
223,12055,chess
178,12055,chess
124,12055,chess
277,12055,chess
238,12055,chess
202,12055,chess
229,12055,chess
4812,12055,chess
260,12055,chess
122,12055,chess
215,12055,chess
211,12055,chess
106,12055,chess
134,12055,chess
65,12055,chess
174,12055,chess
803,12055,chess
259,12055,chess
354,12055,chess
116,12055,chess
148,12055,chess
262,12055,chess
176,12055,chess
128,12055,chess
188,12055,chess
235,12055,chess
152,12055,chess
294,12055,chess
158,12055,chess
150,12055,chess
250,12055,chess
119,12055,chess
412,12055,chess
870,12055,chess
370,12055,chess
365,12055,chess
303,12055,chess
296,12055,chess
949,12055,chess
320,12055,chess
147,12055,chess
610,12055,chess
191,12055,chess
258,12055,chess
293,12055,chess
167,12055,chess
333,12055,chess
417,12055,chess
420,12055,chess
246,12055,chess
157,12055,chess
1424,12055,chess
253,12055,chess
269,12055,chess
359,12055,chess
502,12055,chess
297,12055,chess
1243,12055,chess
369,12055,chess
218,12055,chess
902,12055,chess
465,12055,chess
169,12055,chess
741,12055,chess
212,12055,chess
172,12055,chess
198,12055,chess
8567,12055,chess
29,51169,gantt
28,51169,gantt
168,51169,gantt
27,51169,gantt
125,51169,gantt
166,51169,gantt
112,51169,gantt
76,51169,gantt
23,51169,gantt
21,51169,gantt
19,51169,gantt
139,51169,gantt
227,51169,gantt
142,51169,gantt
132,51169,gantt
224,51169,gantt
234,51169,gantt
26,51169,gantt
154,51169,gantt
135,51169,gantt
155,51169,gantt
186,51169,gantt
200,51169,gantt
325,51169,gantt
136,51169,gantt
143,51169,gantt
24,51169,gantt
25,51169,gantt
193,51169,gantt
165,51169,gantt
1206,51169,gantt
447,51169,gantt
314,51169,gantt
425,51169,gantt
190,51169,gantt
171,51169,gantt
21991,51169,gantt
203,51169,gantt
3226,51169,gantt
735,51169,gantt
230,51169,gantt
242,51169,gantt
1162,51169,gantt
232,51169,gantt
339,51169,gantt
1621,51169,gantt
266,51169,gantt
901,51169,gantt
885,51169,gantt
267,51169,gantt
271,51169,gantt
282,51169,gantt
642,51169,gantt
1117,51169,gantt
643,51169,gantt
351,51169,gantt
522,51169,gantt
315,51169,gantt
1211,51169,gantt
419,51169,gantt
1227,51169,gantt
560,51169,gantt
307,51169,gantt
1060,51169,gantt
289,51169,gantt
519,51169,gantt
2645,51169,gantt
173,51169,gantt
379,51169,gantt
272,51169,gantt
1330,51169,gantt
225,51169,gantt
2200,51169,gantt
1349,51169,gantt
413,51169,gantt
237,51169,gantt
288,51169,gantt
472,51169,gantt
950,51169,gantt
255,51169,gantt
280,51169,gantt
183,51169,gantt
1313,51169,gantt
1149,51169,gantt
281,51169,gantt
403,51169,gantt
421,51169,gantt
162,51169,gantt
628,51169,gantt
591,51169,gantt
851,51169,gantt
236,51169,gantt
1045,51169,gantt
588,51169,gantt
1286,51169,gantt
219,51169,gantt
304,51169,gantt
2252,51169,gantt
248,51169,gantt
1808,51169,gantt
261,51169,gantt
495,51169,gantt
312,51169,gantt
401,51169,gantt
614,51169,gantt
338,51169,gantt
214,51169,gantt
513,51169,gantt
182,51169,gantt
842,51169,gantt
742,51169,gantt
440,51169,gantt
506,51169,gantt
270,51169,gantt
350,51169,gantt
478,51169,gantt
1262,51169,gantt
416,51169,gantt
133,51169,gantt
1837,51169,gantt
1212,51169,gantt
233,51169,gantt
344,51169,gantt
556,51169,gantt
3359,51169,gantt
473,51169,gantt
207,51169,gantt
251,51169,gantt
342,51169,gantt
1007,51169,gantt
396,51169,gantt
621,51169,gantt
1273,51169,gantt
656,51169,gantt
1098,51169,gantt
245,51169,gantt
254,51169,gantt
427,51169,gantt
21269,51169,gantt
221,51169,gantt
209,51169,gantt
498,51169,gantt
929,51169,gantt
335,51169,gantt
715,51169,gantt
405,51169,gantt
247,51169,gantt
595,51169,gantt
220,51169,gantt
484,51169,gantt
301,51169,gantt
512,51169,gantt
385,51169,gantt
1656,51169,gantt
605,51169,gantt
497,51169,gantt
454,51169,gantt
206,51169,gantt
711,51169,gantt
749,51169,gantt
615,51169,gantt
347,51169,gantt
256,51169,gantt
541,51169,gantt
445,51169,gantt
2043,51169,gantt
265,51169,gantt
441,51169,gantt
583,51169,gantt
322,51169,gantt
477,51169,gantt
566,51169,gantt
393,51169,gantt
316,51169,gantt
187,51169,gantt
423,51169,gantt
771,51169,gantt
15707,51169,gantt
249,51169,gantt
213,51169,gantt
164,51169,gantt
295,51169,gantt
9581,51169,gantt
1099,51169,gantt
653,51169,gantt
6723,51169,gantt
2356,51169,gantt
2526,51169,gantt
13,51169,gantt
22,51169,gantt
194,51169,gantt
160,51169,gantt
257,51169,gantt
196,51169,gantt
340,51169,gantt
463,51169,gantt
15325,51169,gantt
164928,1540,UMLModelIOCF05aT12V50
1251,1540,UMLModelIOCF05aT12V50
199,1540,UMLModelIOCF05aT12V50
189,1540,UMLModelIOCF05aT12V50
240,1540,UMLModelIOCF05aT12V50
626,1540,UMLModelIOCF05aT12V50
537,1540,UMLModelIOCF05aT12V50
432,1540,UMLModelIOCF05aT12V50
939,1540,UMLModelIOCF05aT12V50
668,1540,UMLModelIOCF05aT12V50
4618,1540,UMLModelIOCF05aT12V50
410,1540,UMLModelIOCF05aT12V50
508,1540,UMLModelIOCF05aT12V50
1019,1540,UMLModelIOCF05aT12V50
402,1540,UMLModelIOCF05aT12V50
268,1540,UMLModelIOCF05aT12V50
548,1540,UMLModelIOCF05aT12V50
400,1540,UMLModelIOCF05aT12V50
392,1540,UMLModelIOCF05aT12V50
616,1540,UMLModelIOCF05aT12V50
455,1540,UMLModelIOCF05aT12V50
397,1540,UMLModelIOCF05aT12V50
353,1540,UMLModelIOCF05aT12V50
327,1540,UMLModelIOCF05aT12V50
241,1540,UMLModelIOCF05aT12V50
318,1540,UMLModelIOCF05aT12V50
273,1540,UMLModelIOCF05aT12V50
368,1540,UMLModelIOCF05aT12V50
367,1540,UMLModelIOCF05aT12V50
418,1540,UMLModelIOCF05aT12V50
341,1540,UMLModelIOCF05aT12V50
286,1540,UMLModelIOCF05aT12V50
459,1540,UMLModelIOCF05aT12V50
317,1540,UMLModelIOCF05aT12V50
436,1540,UMLModelIOCF05aT12V50
332,1540,UMLModelIOCF05aT12V50
372,1540,UMLModelIOCF05aT12V50
444,1540,UMLModelIOCF05aT12V50
453,1540,UMLModelIOCF05aT12V50
450,1540,UMLModelIOCF05aT12V50
452,1540,UMLModelIOCF05aT12V50
356,1540,UMLModelIOCF05aT12V50
399,1540,UMLModelIOCF05aT12V50
542,1540,UMLModelIOCF05aT12V50
565,1540,UMLModelIOCF05aT12V50
697,1540,UMLModelIOCF05aT12V50
526,1540,UMLModelIOCF05aT12V50
467,1540,UMLModelIOCF05aT12V50
496,1540,UMLModelIOCF05aT12V50
476,1540,UMLModelIOCF05aT12V50
426,1540,UMLModelIOCF05aT12V50
343,1540,UMLModelIOCF05aT12V50
747,1540,UMLModelIOCF05aT12V50
718,1540,UMLModelIOCF05aT12V50
681,1540,UMLModelIOCF05aT12V50
861,1540,UMLModelIOCF05aT12V50
845,1540,UMLModelIOCF05aT12V50
810,1540,UMLModelIOCF05aT12V50
1067,1540,UMLModelIOCF05aT12V50
750,1540,UMLModelIOCF05aT12V50
8635,1540,UMLModelIOCF05aT12V50
177551,1540,UMLModelIOCF05aT12V50
102386,1540,UMLModelIOCF05aT12V50
8335,1540,UMLModelIOCF05aT12V50
297941,1540,UMLModelIOCF05aT12V50
116078,1540,UMLModelIOCF05aT12V50
536,1540,UMLModelIOCF05aT12V50
15812,1540,UMLModelIOCF05aT12V50
283,92820,jhotdraw
161,92820,jhotdraw
1118,92820,jhotdraw
239,92820,jhotdraw
284,92820,jhotdraw
511,92820,jhotdraw
192,92820,jhotdraw
323,92820,jhotdraw
313,92820,jhotdraw
231,92820,jhotdraw
387,92820,jhotdraw
279,92820,jhotdraw
226,92820,jhotdraw
12065,92820,jhotdraw
492,1257,TeleoperatedRobot
334,1257,TeleoperatedRobot
291,1257,TeleoperatedRobot
471,1257,TeleoperatedRobot
7795,1257,TeleoperatedRobot
457,92820,jhotdraw
4584,92820,jhotdraw
2100,92820,jhotdraw
1796,92820,jhotdraw
1084,92820,jhotdraw
388,92820,jhotdraw
859,92820,jhotdraw
11195,92820,jhotdraw
555,92820,jhotdraw
666,92820,jhotdraw
573,92820,jhotdraw
16949,92820,jhotdraw
691,92820,jhotdraw
4052,92820,jhotdraw
321,92820,jhotdraw
205,92820,jhotdraw
1087,92820,jhotdraw
867,92820,jhotdraw
1418,92820,jhotdraw
1350,92820,jhotdraw
7032,92820,jhotdraw
2037,92820,jhotdraw
732,92820,jhotdraw
300,92820,jhotdraw
306,92820,jhotdraw
362,92820,jhotdraw
364,92820,jhotdraw
494,92820,jhotdraw
1432,92820,jhotdraw
1610,92820,jhotdraw
329,92820,jhotdraw
179,92820,jhotdraw
464,92820,jhotdraw
1822,92820,jhotdraw
1557,92820,jhotdraw
1043,92820,jhotdraw
2145,92820,jhotdraw
1377,92820,jhotdraw
328,92820,jhotdraw
1381,92820,jhotdraw
438,92820,jhotdraw
622,92820,jhotdraw
7434,92820,jhotdraw
669,92820,jhotdraw
913,92820,jhotdraw
1451,92820,jhotdraw
797,92820,jhotdraw
1004,92820,jhotdraw
868,92820,jhotdraw
1414,92820,jhotdraw
755,92820,jhotdraw
287,92820,jhotdraw
703,92820,jhotdraw
607,92820,jhotdraw
1698,92820,jhotdraw
836,92820,jhotdraw
424,92820,jhotdraw
549,92820,jhotdraw
620,92820,jhotdraw
1309,92820,jhotdraw
204,92820,jhotdraw
531,92820,jhotdraw
1335,92820,jhotdraw
1520,92820,jhotdraw
360,92820,jhotdraw
623,92820,jhotdraw
1237,92820,jhotdraw
1342,92820,jhotdraw
6959,92820,jhotdraw
886,92820,jhotdraw
927,92820,jhotdraw
384,92820,jhotdraw
357,92820,jhotdraw
665,92820,jhotdraw
552,92820,jhotdraw
577,92820,jhotdraw
1582,92820,jhotdraw
865,92820,jhotdraw
409,92820,jhotdraw
1617,92820,jhotdraw
585,92820,jhotdraw
1534,92820,jhotdraw
1977,92820,jhotdraw
776,92820,jhotdraw
789,92820,jhotdraw
503,92820,jhotdraw
604,92820,jhotdraw
2124,92820,jhotdraw
670,92820,jhotdraw
466,92820,jhotdraw
589,92820,jhotdraw
1215,92820,jhotdraw
694,92820,jhotdraw
1649,92820,jhotdraw
637,92820,jhotdraw
414,92820,jhotdraw
216,92820,jhotdraw
706,92820,jhotdraw
564,92820,jhotdraw
355,92820,jhotdraw
13603,92820,jhotdraw
7232,92820,jhotdraw
331,92820,jhotdraw
377,92820,jhotdraw
1410,92820,jhotdraw
2528,92820,jhotdraw
575,92820,jhotdraw
11594,92820,jhotdraw
394,92820,jhotdraw
1228,92820,jhotdraw
3909,92820,jhotdraw
6103,92820,jhotdraw
1607,92820,jhotdraw
1631,92820,jhotdraw
854,92820,jhotdraw
243,92820,jhotdraw
1521,92820,jhotdraw
480,92820,jhotdraw
2853,92820,jhotdraw
539,92820,jhotdraw
1725,92820,jhotdraw
4465,92820,jhotdraw
602,92820,jhotdraw
361,92820,jhotdraw
984,92820,jhotdraw
547,92820,jhotdraw
1032,92820,jhotdraw
461,92820,jhotdraw
991,92820,jhotdraw
469,92820,jhotdraw
1216,92820,jhotdraw
34327,92820,jhotdraw
1346,92820,jhotdraw
6535,92820,jhotdraw
1062,92820,jhotdraw
1290,92820,jhotdraw
2906,92820,jhotdraw
380,92820,jhotdraw
244,92820,jhotdraw
252,92820,jhotdraw
382,92820,jhotdraw
363,92820,jhotdraw
1170,92820,jhotdraw
700,92820,jhotdraw
679,92820,jhotdraw
373,92820,jhotdraw
3215,92820,jhotdraw
1768,92820,jhotdraw
838,92820,jhotdraw
433,92820,jhotdraw
302,92820,jhotdraw
395,92820,jhotdraw
20,92820,jhotdraw
2913,92820,jhotdraw
264,92820,jhotdraw
7069,92820,jhotdraw
1761,92820,jhotdraw
528,92820,jhotdraw
1419,92820,jhotdraw
310,92820,jhotdraw
1459,92820,jhotdraw
3858,92820,jhotdraw
1011,92820,jhotdraw
4292,92820,jhotdraw
918,92820,jhotdraw
278,92820,jhotdraw
324,92820,jhotdraw
1606,92820,jhotdraw
1226,92820,jhotdraw
4316,92820,jhotdraw
462,92820,jhotdraw
806,92820,jhotdraw
1169,92820,jhotdraw
612,92820,jhotdraw
1440,92820,jhotdraw
5242,92820,jhotdraw
349,92820,jhotdraw
598,92820,jhotdraw
1339,92820,jhotdraw
804,92820,jhotdraw
877,92820,jhotdraw
2269,92820,jhotdraw
889,92820,jhotdraw
1416,92820,jhotdraw
676,92820,jhotdraw
15822,92820,jhotdraw
210,92820,jhotdraw
1433,92820,jhotdraw
308,92820,jhotdraw
345,92820,jhotdraw
593,92820,jhotdraw
675,92820,jhotdraw
371,92820,jhotdraw
458,92820,jhotdraw
527,92820,jhotdraw
636,92820,jhotdraw
6075,92820,jhotdraw
276,92820,jhotdraw
474,92820,jhotdraw
1257,92820,jhotdraw
1340,92820,jhotdraw
6224,92820,jhotdraw
638,92820,jhotdraw
661,92820,jhotdraw
2027,92820,jhotdraw
728,92820,jhotdraw
1101,92820,jhotdraw
917,92820,jhotdraw
866,92820,jhotdraw
553,92820,jhotdraw
2596,92820,jhotdraw
1220,92820,jhotdraw
535,92820,jhotdraw
630,92820,jhotdraw
1269,92820,jhotdraw
3311,92820,jhotdraw
753,92820,jhotdraw
790,92820,jhotdraw
1059,92820,jhotdraw
663,92820,jhotdraw
632,92820,jhotdraw
702,92820,jhotdraw
881,92820,jhotdraw
2022,92820,jhotdraw
390,92820,jhotdraw
1058,92820,jhotdraw
4402,92820,jhotdraw
407,92820,jhotdraw
1327,92820,jhotdraw
768,92820,jhotdraw
1423,92820,jhotdraw
543,92820,jhotdraw
1147,92820,jhotdraw
893,92820,jhotdraw
2067,92820,jhotdraw
348,92820,jhotdraw
376,92820,jhotdraw
1203,92820,jhotdraw
509,92820,jhotdraw
1695,92820,jhotdraw
568,92820,jhotdraw
5400,92820,jhotdraw
825,92820,jhotdraw
673,92820,jhotdraw
592,92820,jhotdraw
1655,92820,jhotdraw
1969,92820,jhotdraw
847,92820,jhotdraw
1392,92820,jhotdraw
1800,92820,jhotdraw
817,92820,jhotdraw
2177,92820,jhotdraw
330,92820,jhotdraw
730,92820,jhotdraw
1044,92820,jhotdraw
8998,92820,jhotdraw
1834,92820,jhotdraw
2963,92820,jhotdraw
856,92820,jhotdraw
705,92820,jhotdraw
1558,92820,jhotdraw
574,92820,jhotdraw
2616,92820,jhotdraw
201,92820,jhotdraw
383,92820,jhotdraw
493,92820,jhotdraw
678,92820,jhotdraw
514,92820,jhotdraw
581,92820,jhotdraw
415,92820,jhotdraw
406,92820,jhotdraw
1476,92820,jhotdraw
664,92820,jhotdraw
404,92820,jhotdraw
4159,92820,jhotdraw
1152,92820,jhotdraw
895,92820,jhotdraw
5554,92820,jhotdraw
1694,92820,jhotdraw
1398,92820,jhotdraw
890,92820,jhotdraw
737,92820,jhotdraw
1136,92820,jhotdraw
378,92820,jhotdraw
1628,92820,jhotdraw
263,92820,jhotdraw
618,92820,jhotdraw
2438,92820,jhotdraw
483,92820,jhotdraw
3730,92820,jhotdraw
898,92820,jhotdraw
336,92820,jhotdraw
489,92820,jhotdraw
671,92820,jhotdraw
5140,92820,jhotdraw
1458,92820,jhotdraw
644,92820,jhotdraw
662,92820,jhotdraw
925,92820,jhotdraw
33366,92820,jhotdraw
1435,92820,jhotdraw
13386,92820,jhotdraw
6381,92820,jhotdraw
1210,92820,jhotdraw
488,92820,jhotdraw
1279,92820,jhotdraw
601,92820,jhotdraw
6434,92820,jhotdraw
485,92820,jhotdraw
1083,92820,jhotdraw
1417,92820,jhotdraw
386,92820,jhotdraw
1505,92820,jhotdraw
1363,92820,jhotdraw
579,92820,jhotdraw
2133,92820,jhotdraw
290,92820,jhotdraw
275,92820,jhotdraw
2146,92820,jhotdraw
828,92820,jhotdraw
611,92820,jhotdraw
375,92820,jhotdraw
311,92820,jhotdraw
786,92820,jhotdraw
358,92820,jhotdraw
4295,92820,jhotdraw
6798,92820,jhotdraw
780,92820,jhotdraw
3572,92820,jhotdraw
5885,92820,jhotdraw
894,92820,jhotdraw
1585,92820,jhotdraw
633,92820,jhotdraw
1049,92820,jhotdraw
391,92820,jhotdraw
3435,92820,jhotdraw
864,92820,jhotdraw
533,92820,jhotdraw
710,92820,jhotdraw
430,92820,jhotdraw
982,92820,jhotdraw
833,92820,jhotdraw
5340,92820,jhotdraw
690,92820,jhotdraw
837,92820,jhotdraw
4486,92820,jhotdraw
563,92820,jhotdraw
1405,92820,jhotdraw
727,92820,jhotdraw
431,92820,jhotdraw
429,92820,jhotdraw
1141,92820,jhotdraw
3604,92820,jhotdraw
479742,1464,HomeApplianceControlSystem
411,1464,HomeApplianceControlSystem
398,1464,HomeApplianceControlSystem
319,1464,HomeApplianceControlSystem
716,1464,HomeApplianceControlSystem
530,1464,HomeApplianceControlSystem
482,1464,HomeApplianceControlSystem
765,1464,HomeApplianceControlSystem
683,1464,HomeApplianceControlSystem
8365,1464,HomeApplianceControlSystem
775,1464,HomeApplianceControlSystem
2087,11419,WordPad
2655,11419,WordPad
5849,11419,WordPad
930,11419,WordPad
3429,11419,WordPad
1080,11419,WordPad
606,11419,WordPad
729,11419,WordPad
5879,11419,WordPad
437,11419,WordPad
562,11419,WordPad
629,11419,WordPad
659,11419,WordPad
2015,11419,WordPad
1214,11419,WordPad
688,11419,WordPad
707,11419,WordPad
4524,11419,WordPad
2209,11419,WordPad
435,11419,WordPad
1193,11419,WordPad
625,11419,WordPad
1270,11419,WordPad
517,11419,WordPad
428,11419,WordPad
4496,11419,WordPad
554,11419,WordPad
520,11419,WordPad
12760,11419,WordPad
9242,11419,WordPad
590,11419,WordPad
451,11419,WordPad
1383,11419,WordPad
603,11419,WordPad
381,11419,WordPad
897,11419,WordPad
570,11419,WordPad
874,11419,WordPad
608,11419,WordPad
8434,11419,WordPad
935,11419,WordPad
4801,11419,WordPad
305,11419,WordPad
2469,11419,WordPad
490,11419,WordPad
631,11419,WordPad
468,11419,WordPad
587,11419,WordPad
586,11419,WordPad
652,11419,WordPad
647,11419,WordPad
298,11419,WordPad
627,11419,WordPad
1185,11419,WordPad
326,2048,iTalks
352,2048,iTalks
1447,2048,iTalks
7356,2048,iTalks
582,2048,iTalks
11970,2048,iTalks
2179,2636,BiterRobocupClient
1670,2636,BiterRobocupClient
408,2636,BiterRobocupClient
961,2636,BiterRobocupClient
1027,2636,BiterRobocupClient
2737,2636,BiterRobocupClient
366,2636,BiterRobocupClient
1247,2636,BiterRobocupClient
639,2636,BiterRobocupClient
983,2636,BiterRobocupClient
1718,2636,BiterRobocupClient
9144,2636,BiterRobocupClient
788,385,ModelViewController
545,385,ModelViewController
816,385,ModelViewController
813,385,ModelViewController
869,385,ModelViewController
8848,385,ModelViewController
907,1064,InventoryandSalesSystemLCA
2516,1064,InventoryandSalesSystemLCA
337,1064,InventoryandSalesSystemLCA
667,1064,InventoryandSalesSystemLCA
584,1064,InventoryandSalesSystemLCA
766,1064,InventoryandSalesSystemLCA
802,1064,InventoryandSalesSystemLCA
3216,1064,InventoryandSalesSystemLCA
645,1064,InventoryandSalesSystemLCA
613,1064,InventoryandSalesSystemLCA
559,1064,InventoryandSalesSystemLCA
491,1064,InventoryandSalesSystemLCA
883,1064,InventoryandSalesSystemLCA
2182,1064,InventoryandSalesSystemLCA
1704,1064,InventoryandSalesSystemLCA
6897,1064,InventoryandSalesSystemLCA
407629,15619,VInsuranceNetworkFeesandClaims
655,15619,VInsuranceNetworkFeesandClaims
532,15619,VInsuranceNetworkFeesandClaims
680,15619,VInsuranceNetworkFeesandClaims
682,15619,VInsuranceNetworkFeesandClaims
1113,15619,VInsuranceNetworkFeesandClaims
746,15619,VInsuranceNetworkFeesandClaims
1356,15619,VInsuranceNetworkFeesandClaims
75564,15619,VInsuranceNetworkFeesandClaims
2314,15619,VInsuranceNetworkFeesandClaims
1770,15619,VInsuranceNetworkFeesandClaims
1928,15619,VInsuranceNetworkFeesandClaims
1376,15619,VInsuranceNetworkFeesandClaims
725,15619,VInsuranceNetworkFeesandClaims
3611,15619,VInsuranceNetworkFeesandClaims
1075,15619,VInsuranceNetworkFeesandClaims
1008,15619,VInsuranceNetworkFeesandClaims
756,15619,VInsuranceNetworkFeesandClaims
504,15619,VInsuranceNetworkFeesandClaims
1487,15619,VInsuranceNetworkFeesandClaims
1820,15619,VInsuranceNetworkFeesandClaims
2504,15619,VInsuranceNetworkFeesandClaims
3860,15619,VInsuranceNetworkFeesandClaims
2675,15619,VInsuranceNetworkFeesandClaims
500,15619,VInsuranceNetworkFeesandClaims
449,15619,VInsuranceNetworkFeesandClaims
516,15619,VInsuranceNetworkFeesandClaims
2583,15619,VInsuranceNetworkFeesandClaims
1140,15619,VInsuranceNetworkFeesandClaims
443,15619,VInsuranceNetworkFeesandClaims
2210,15619,VInsuranceNetworkFeesandClaims
1166,15619,VInsuranceNetworkFeesandClaims
2029,15619,VInsuranceNetworkFeesandClaims
2090,15619,VInsuranceNetworkFeesandClaims
2287,15619,VInsuranceNetworkFeesandClaims
2237,15619,VInsuranceNetworkFeesandClaims
2662,15619,VInsuranceNetworkFeesandClaims
800,15619,VInsuranceNetworkFeesandClaims
1265,15619,VInsuranceNetworkFeesandClaims
24060,15619,VInsuranceNetworkFeesandClaims
971,15619,VInsuranceNetworkFeesandClaims
309,15619,VInsuranceNetworkFeesandClaims
2055,15619,VInsuranceNetworkFeesandClaims
2672,15619,VInsuranceNetworkFeesandClaims
3047,15619,VInsuranceNetworkFeesandClaims
1207,15619,VInsuranceNetworkFeesandClaims
1017,15619,VInsuranceNetworkFeesandClaims
1929,15619,VInsuranceNetworkFeesandClaims
1180,15619,VInsuranceNetworkFeesandClaims
974,15619,VInsuranceNetworkFeesandClaims
2303,15619,VInsuranceNetworkFeesandClaims
1232,15619,VInsuranceNetworkFeesandClaims
5661,15619,VInsuranceNetworkFeesandClaims
1658,15619,VInsuranceNetworkFeesandClaims
505,15619,VInsuranceNetworkFeesandClaims
2354,15619,VInsuranceNetworkFeesandClaims
1950,15619,VInsuranceNetworkFeesandClaims
2130,15619,VInsuranceNetworkFeesandClaims
1382,15619,VInsuranceNetworkFeesandClaims
3372,15619,VInsuranceNetworkFeesandClaims
2589,15619,VInsuranceNetworkFeesandClaims
1234,15619,VInsuranceNetworkFeesandClaims
5870,15619,VInsuranceNetworkFeesandClaims
1908,15619,VInsuranceNetworkFeesandClaims
2108,15619,VInsuranceNetworkFeesandClaims
1192,15619,VInsuranceNetworkFeesandClaims
1982,15619,VInsuranceNetworkFeesandClaims
1786,15619,VInsuranceNetworkFeesandClaims
1196,15619,VInsuranceNetworkFeesandClaims
805,15619,VInsuranceNetworkFeesandClaims
1389,15619,VInsuranceNetworkFeesandClaims
524,15619,VInsuranceNetworkFeesandClaims
1338,15619,VInsuranceNetworkFeesandClaims
641,15619,VInsuranceNetworkFeesandClaims
7386,15619,VInsuranceNetworkFeesandClaims
22344,15619,VInsuranceNetworkFeesandClaims
2479,15619,VInsuranceNetworkFeesandClaims
442,15619,VInsuranceNetworkFeesandClaims
962,51169,gantt
634,51169,gantt
2227,51169,gantt
822,51169,gantt
1182,51169,gantt
1499,51169,gantt
960,51169,gantt
1354,51169,gantt
5869,51169,gantt
2587,51169,gantt
1575,51169,gantt
1186,51169,gantt
10585,51169,gantt
1018,51169,gantt
18802,51169,gantt
938,51169,gantt
714,51169,gantt
3639,51169,gantt
2253,51169,gantt
1690,51169,gantt
22235,51169,gantt
2923,51169,gantt
1441,51169,gantt
1925,51169,gantt
1006,51169,gantt
5205,51169,gantt
3253,51169,gantt
1469,51169,gantt
3139,51169,gantt
1055,51169,gantt
998,51169,gantt
2733,51169,gantt
597,51169,gantt
1311,51169,gantt
501,51169,gantt
558,51169,gantt
793,51169,gantt
831,51169,gantt
799,51169,gantt
796,51169,gantt
712,51169,gantt
2292,51169,gantt
1332,51169,gantt
1239,51169,gantt
14566,51169,gantt
39732,9853,oodt07
17777,9853,oodt07
7944,9853,oodt07
635,9853,oodt07
18979,9853,oodt07
4568,9853,oodt07
5951,9853,oodt07
507,9853,oodt07
567,9853,oodt07
42381,9853,oodt07
12806,9853,oodt07
33416,9853,oodt07
720,9853,oodt07
23796,9853,oodt07
15769,9853,oodt07
18168,9853,oodt07
38749,9853,oodt07
29932,9853,oodt07
2816,9853,oodt07
12866,9853,oodt07
9960,9853,oodt07
33582,9853,oodt07
10752,9853,oodt07
1331,9853,oodt07
6107,9853,oodt07
9768,9853,oodt07
1468,9853,oodt07
15176,9853,oodt07
8352,9853,oodt07
18814,9853,oodt07
738,9853,oodt07
1446,9853,oodt07
1584,9853,oodt07
1830,9853,oodt07
1989,9853,oodt07
1036,9853,oodt07
1869,9853,oodt07
3559,9853,oodt07
4229,9853,oodt07
41869,9853,oodt07
649,9853,oodt07
11471,292,MicrowaveOven
698,2796,Calendarium21
1334,2796,Calendarium21
1949,2796,Calendarium21
617,2796,Calendarium21
27259,2796,Calendarium21
518,3009,UMLLCAF03aT1
2617,3009,UMLLCAF03aT1
14636,3009,UMLLCAF03aT1
11146,3009,UMLLCAF03aT1
18,63098,itrust
580,63098,itrust
1026,63098,itrust
744,63098,itrust
1464,63098,itrust
958,63098,itrust
1104,63098,itrust
674,63098,itrust
529,63098,itrust
848,63098,itrust
677,63098,itrust
853,63098,itrust
594,63098,itrust
521,63098,itrust
1352,63098,itrust
1025,63098,itrust
1962,63098,itrust
1998,63098,itrust
1769,63098,itrust
510,63098,itrust
981,63098,itrust
9183,63098,itrust
1549,63098,itrust
1874,63098,itrust
724,63098,itrust
479,63098,itrust
2258,63098,itrust
2398,63098,itrust
1765,63098,itrust
448,63098,itrust
1559,63098,itrust
646,63098,itrust
3539,63098,itrust
475,63098,itrust
1033,63098,itrust
1037,63098,itrust
1614,63098,itrust
434,63098,itrust
4706,63098,itrust
2271,63098,itrust
811,63098,itrust
1015,63098,itrust
5626,63098,itrust
2710,63098,itrust
456,63098,itrust
446,63098,itrust
1561,63098,itrust
779,63098,itrust
1856,63098,itrust
1187,63098,itrust
980,63098,itrust
571,63098,itrust
1161,63098,itrust
1442,63098,itrust
946,63098,itrust
684,63098,itrust
470,63098,itrust
576,63098,itrust
540,63098,itrust
1030,63098,itrust
569,63098,itrust
794,63098,itrust
2272,63098,itrust
15977,63098,itrust
876,3009,UMLLCAF03aT1
422,3009,UMLLCAF03aT1
640,448,eBullition
7094,448,eBullition
8603,448,eBullition
3693,448,eBullition
769,448,eBullition
7316,448,eBullition
1841,8771,dSpace32
657,8771,dSpace32
5467,8771,dSpace32
785,8771,dSpace32
757,8771,dSpace32
13444,8771,dSpace32
12731,71,VODRepairPaper
2474452,1466,VacationandSickLeaveSystem
1974,1466,VacationandSickLeaveSystem
1310,1466,VacationandSickLeaveSystem
1620,1466,VacationandSickLeaveSystem
10198,1466,VacationandSickLeaveSystem
132206,204,ATM
2105,204,ATM
2562,204,ATM
10758,204,ATM
185281,2093,BuildingManagementSystem
2331,2093,BuildingManagementSystem
726,2093,BuildingManagementSystem
731,2093,BuildingManagementSystem
1866,2093,BuildingManagementSystem
7736,2093,BuildingManagementSystem
53971,5857,XVNPI
196692,5857,XVNPI
2465,5857,XVNPI
884,5857,XVNPI
8197,5857,XVNPI
18182,5857,XVNPI
1662,5857,XVNPI
1891328,5857,XVNPI
736,1979,DESI23
1652,1979,DESI23
1722,1979,DESI23
523,1979,DESI23
12078,1979,DESI23
1491,621,CurriculumPlanner
5606,621,CurriculumPlanner
5411,621,CurriculumPlanner
994,621,CurriculumPlanner
699,621,CurriculumPlanner
8388,621,CurriculumPlanner
2453,1100,Dice3
2225,1100,Dice3
2882,1100,Dice3
761,1100,Dice3
2765,1100,Dice3
619,1100,Dice3
695,1100,Dice3
29953,1100,Dice3
906,1261,CourseRegistrationSystem
3053,1261,CourseRegistrationSystem
1259385,1261,CourseRegistrationSystem
10226,1261,CourseRegistrationSystem
557,1261,CourseRegistrationSystem
