time,system_name,size
7,ApoBot,13537
659,ApoBot,13537
5,ApoBot,13537
8,ApoBot,13537
7,ApoBot,13537
6,ApoBot,13537
55,ApoBot,13537
6,ApoBot,13537
5,ApoBot,13537
7,ApoBot,13537
53,ApoBot,13537
338,ApoBot,13537
367,ApoBot,13537
6,ApoBot,13537
5,ApoBot,13537
36,ApoBot,13537
40,ApoBot,13537
46,ApoBot,13537
53,ApoBot,13537
34,ApoBot,13537
49,ApoBot,13537
48,ApoBot,13537
43,ApoBot,13537
47,ApoBot,13537
62,ApoBot,13537
44,ApoBot,13537
85,ApoBot,13537
49,ApoBot,13537
49,ApoBot,13537
33,ApoBot,13537
69,ApoBot,13537
33,ApoBot,13537
50,ApoBot,13537
55,ApoBot,13537
60,ApoBot,13537
48,ApoBot,13537
78,ApoBot,13537
65,ApoBot,13537
32,ApoBot,13537
9,ApoBot,13537
8,ApoBot,13537
19,ApoBot,13537
6,ApoBot,13537
11,ApoBot,13537
13,ApoBot,13537
7,ApoBot,13537
15,ApoBot,13537
426,ApoCommando,30314
10,ApoCommando,30314
1557,ApoCommando,30314
8,ApoCommando,30314
41,ApoCommando,30314
7,ApoCommando,30314
9,ApoCommando,30314
8,ApoCommando,30314
10,ApoCommando,30314
28,ApoCommando,30314
41,ApoCommando,30314
7,ApoCommando,30314
50,ApoCommando,30314
42,ApoCommando,30314
8,ApoCommando,30314
7,ApoCommando,30314
7,ApoCommando,30314
7,ApoCommando,30314
266,ApoCommando,30314
7,ApoCommando,30314
234,ApoCommando,30314
186,ApoCommando,30314
327,ApoCommando,30314
205,ApoCommando,30314
6,ApoCommando,30314
9,ApoCommando,30314
5,ApoCommando,30314
301,ApoCommando,30314
258,ApoCommando,30314
8,ApoCommando,30314
49,ApoCommando,30314
30,ApoCommando,30314
44,ApoCommando,30314
47,ApoCommando,30314
45,ApoCommando,30314
52,ApoCommando,30314
40,ApoCommando,30314
37,ApoCommando,30314
29,ApoCommando,30314
29,ApoCommando,30314
51,ApoCommando,30314
41,ApoCommando,30314
36,ApoCommando,30314
22,ApoCommando,30314
45,ApoCommando,30314
41,ApoCommando,30314
28,ApoCommando,30314
71,ApoCommando,30314
38,ApoCommando,30314
40,ApoCommando,30314
32,ApoCommando,30314
65,ApoCommando,30314
31,ApoCommando,30314
40,ApoCommando,30314
58,ApoCommando,30314
42,ApoCommando,30314
31,ApoCommando,30314
32,ApoCommando,30314
26,ApoCommando,30314
32,ApoCommando,30314
35,ApoCommando,30314
78,ApoCommando,30314
34,ApoCommando,30314
37,ApoCommando,30314
32,ApoCommando,30314
50,ApoCommando,30314
68,ApoCommando,30314
43,ApoCommando,30314
42,ApoCommando,30314
41,ApoCommando,30314
40,ApoCommando,30314
37,ApoCommando,30314
195,ApoCommando,30314
28,ApoCommando,30314
41,ApoCommando,30314
33,ApoCommando,30314
40,ApoCommando,30314
31,ApoCommando,30314
29,ApoCommando,30314
36,ApoCommando,30314
59,ApoCommando,30314
39,ApoCommando,30314
37,ApoCommando,30314
39,ApoCommando,30314
22,ApoCommando,30314
9,ApoCommando,30314
7,ApoCommando,30314
12,ApoCommando,30314
5,ApoCommando,30314
7,ApoCommando,30314
10,ApoCommando,30314
8,ApoCommando,30314
7,ApoCommando,30314
13,ApoCommando,30314
11,ApoCommando,30314
7,ApoCommando,30314
8,ApoDefence,27458
376,ApoDefence,27458
4,ApoDefence,27458
7,ApoDefence,27458
2177,ApoDefence,27458
540,ApoDefence,27458
4,ApoDefence,27458
5,ApoDefence,27458
4,ApoDefence,27458
12,ApoDefence,27458
7,ApoDefence,27458
5,ApoDefence,27458
4,ApoDefence,27458
36,ApoDefence,27458
5,ApoDefence,27458
6,ApoDefence,27458
42,ApoDefence,27458
6,ApoDefence,27458
289,ApoDefence,27458
222,ApoDefence,27458
7,ApoDefence,27458
7,ApoDefence,27458
8,ApoDefence,27458
259,ApoDefence,27458
20,ApoDefence,27458
4,ApoDefence,27458
6,ApoDefence,27458
4,ApoDefence,27458
4,ApoDefence,27458
168,ApoDefence,27458
6,ApoDefence,27458
62,ApoDefence,27458
35,ApoDefence,27458
69,ApoDefence,27458
25,ApoDefence,27458
49,ApoDefence,27458
41,ApoDefence,27458
41,ApoDefence,27458
44,ApoDefence,27458
22,ApoDefence,27458
52,ApoDefence,27458
34,ApoDefence,27458
34,ApoDefence,27458
67,ApoDefence,27458
25,ApoDefence,27458
50,ApoDefence,27458
35,ApoDefence,27458
27,ApoDefence,27458
25,ApoDefence,27458
22,ApoDefence,27458
57,ApoDefence,27458
38,ApoDefence,27458
30,ApoDefence,27458
19,ApoDefence,27458
38,ApoDefence,27458
52,ApoDefence,27458
29,ApoDefence,27458
45,ApoDefence,27458
56,ApoDefence,27458
69,ApoDefence,27458
31,ApoDefence,27458
51,ApoDefence,27458
31,ApoDefence,27458
24,ApoDefence,27458
19,ApoDefence,27458
27,ApoDefence,27458
19,ApoDefence,27458
44,ApoDefence,27458
30,ApoDefence,27458
54,ApoDefence,27458
23,ApoDefence,27458
36,ApoDefence,27458
25,ApoDefence,27458
6,ApoDefence,27458
5,ApoDefence,27458
11,ApoDefence,27458
5,ApoDefence,27458
7,ApoDefence,27458
7,ApoDefence,27458
7,ApoDefence,27458
11,ApoDefence,27458
5,ApoDefence,27458
11,ApoDefence,27458
8,ApoDefence,27458
6,ApoDefence,27458
1176,ApoIcarus,12577
5,ApoIcarus,12577
7,ApoIcarus,12577
8,ApoIcarus,12577
6,ApoIcarus,12577
29,ApoIcarus,12577
72,ApoIcarus,12577
31,ApoIcarus,12577
22,ApoIcarus,12577
248,ApoIcarus,12577
7,ApoIcarus,12577
416,ApoIcarus,12577
425,ApoIcarus,12577
78,ApoIcarus,12577
37,ApoIcarus,12577
30,ApoIcarus,12577
216,ApoIcarus,12577
38,ApoIcarus,12577
53,ApoIcarus,12577
63,ApoIcarus,12577
65,ApoIcarus,12577
42,ApoIcarus,12577
38,ApoIcarus,12577
42,ApoIcarus,12577
35,ApoIcarus,12577
37,ApoIcarus,12577
36,ApoIcarus,12577
55,ApoIcarus,12577
44,ApoIcarus,12577
41,ApoIcarus,12577
38,ApoIcarus,12577
52,ApoIcarus,12577
71,ApoIcarus,12577
73,ApoIcarus,12577
85,ApoIcarus,12577
39,ApoIcarus,12577
37,ApoIcarus,12577
56,ApoIcarus,12577
32,ApoIcarus,12577
42,ApoIcarus,12577
28,ApoIcarus,12577
61,ApoIcarus,12577
39,ApoIcarus,12577
57,ApoIcarus,12577
58,ApoIcarus,12577
43,ApoIcarus,12577
45,ApoIcarus,12577
40,ApoIcarus,12577
66,ApoIcarus,12577
13,ApoIcarus,12577
10,ApoIcarus,12577
13,ApoIcarus,12577
17,ApoIcarus,12577
8,ApoIcarus,12577
6,ApoIcarus,12577
9,ApoIcarus,12577
5,ApoIcarus,12577
16,ApoIcarus,12577
10,ApoIcarus,12577
6,ApoMarc,11391
32,ApoMarc,11391
6,ApoMarc,11391
8,ApoMarc,11391
58,ApoMarc,11391
34,ApoMarc,11391
7,ApoMarc,11391
6,ApoMarc,11391
9,ApoMarc,11391
332,ApoMarc,11391
70,ApoMarc,11391
44,ApoMarc,11391
101,ApoMarc,11391
44,ApoMarc,11391
41,ApoMarc,11391
35,ApoMarc,11391
56,ApoMarc,11391
94,ApoMarc,11391
77,ApoMarc,11391
67,ApoMarc,11391
56,ApoMarc,11391
41,ApoMarc,11391
60,ApoMarc,11391
196,ApoMarc,11391
64,ApoMarc,11391
36,ApoMarc,11391
30,ApoMarc,11391
76,ApoMarc,11391
43,ApoMarc,11391
59,ApoMarc,11391
31,ApoMarc,11391
40,ApoMarc,11391
48,ApoMarc,11391
39,ApoMarc,11391
51,ApoMarc,11391
34,ApoMarc,11391
64,ApoMarc,11391
55,ApoMarc,11391
60,ApoMarc,11391
29,ApoMarc,11391
36,ApoMarc,11391
10,ApoMarc,11391
7,ApoMarc,11391
6,ApoMarc,11391
6,ApoMarc,11391
7,ApoMarc,11391
5,ApoMarc,11391
6,ApoMarc,11391
6,ApoMarc,11391
5,ApoMarc,11391
17,ApoMarc,11391
7,ApoNotSoSimple,15042
7,ApoNotSoSimple,15042
3345,ApoNotSoSimple,15042
6,ApoNotSoSimple,15042
28,ApoNotSoSimple,15042
6,ApoNotSoSimple,15042
27,ApoNotSoSimple,15042
7,ApoNotSoSimple,15042
41,ApoNotSoSimple,15042
24,ApoNotSoSimple,15042
30,ApoNotSoSimple,15042
7,ApoNotSoSimple,15042
6,ApoNotSoSimple,15042
9,ApoNotSoSimple,15042
303,ApoNotSoSimple,15042
4,ApoNotSoSimple,15042
6,ApoNotSoSimple,15042
35,ApoNotSoSimple,15042
39,ApoNotSoSimple,15042
35,ApoNotSoSimple,15042
49,ApoNotSoSimple,15042
96,ApoNotSoSimple,15042
26,ApoNotSoSimple,15042
68,ApoNotSoSimple,15042
42,ApoNotSoSimple,15042
34,ApoNotSoSimple,15042
41,ApoNotSoSimple,15042
29,ApoNotSoSimple,15042
44,ApoNotSoSimple,15042
26,ApoNotSoSimple,15042
32,ApoNotSoSimple,15042
43,ApoNotSoSimple,15042
34,ApoNotSoSimple,15042
29,ApoNotSoSimple,15042
52,ApoNotSoSimple,15042
29,ApoNotSoSimple,15042
98,ApoNotSoSimple,15042
35,ApoNotSoSimple,15042
40,ApoNotSoSimple,15042
49,ApoNotSoSimple,15042
33,ApoNotSoSimple,15042
35,ApoNotSoSimple,15042
33,ApoNotSoSimple,15042
45,ApoNotSoSimple,15042
65,ApoNotSoSimple,15042
45,ApoNotSoSimple,15042
33,ApoNotSoSimple,15042
43,ApoNotSoSimple,15042
37,ApoNotSoSimple,15042
26,ApoNotSoSimple,15042
52,ApoNotSoSimple,15042
63,ApoNotSoSimple,15042
7,ApoNotSoSimple,15042
5,ApoNotSoSimple,15042
6,ApoNotSoSimple,15042
5,ApoNotSoSimple,15042
16,ApoNotSoSimple,15042
11,ApoNotSoSimple,15042
8,ApoNotSoSimple,15042
7,ApoNotSoSimple,15042
9,ApoNotSoSimple,15042
140,ApoNotSoSimple,15042
6,ApoNotSoSimple,15042
1691,ApoPongBeat,12560
9,ApoPongBeat,12560
41,ApoPongBeat,12560
10,ApoPongBeat,12560
28,ApoPongBeat,12560
4,ApoPongBeat,12560
4,ApoPongBeat,12560
8,ApoPongBeat,12560
38,ApoPongBeat,12560
32,ApoPongBeat,12560
7,ApoPongBeat,12560
6,ApoPongBeat,12560
396,ApoPongBeat,12560
8,ApoPongBeat,12560
6,ApoPongBeat,12560
7,ApoPongBeat,12560
41,ApoPongBeat,12560
56,ApoPongBeat,12560
35,ApoPongBeat,12560
42,ApoPongBeat,12560
45,ApoPongBeat,12560
35,ApoPongBeat,12560
52,ApoPongBeat,12560
39,ApoPongBeat,12560
56,ApoPongBeat,12560
31,ApoPongBeat,12560
32,ApoPongBeat,12560
54,ApoPongBeat,12560
41,ApoPongBeat,12560
64,ApoPongBeat,12560
37,ApoPongBeat,12560
57,ApoPongBeat,12560
50,ApoPongBeat,12560
73,ApoPongBeat,12560
29,ApoPongBeat,12560
78,ApoPongBeat,12560
87,ApoPongBeat,12560
49,ApoPongBeat,12560
67,ApoPongBeat,12560
49,ApoPongBeat,12560
42,ApoPongBeat,12560
66,ApoPongBeat,12560
44,ApoPongBeat,12560
57,ApoPongBeat,12560
41,ApoPongBeat,12560
26,ApoPongBeat,12560
25,ApoPongBeat,12560
25,ApoPongBeat,12560
49,ApoPongBeat,12560
62,ApoPongBeat,12560
57,ApoPongBeat,12560
59,ApoPongBeat,12560
23,ApoPongBeat,12560
63,ApoPongBeat,12560
7,ApoPongBeat,12560
9,ApoPongBeat,12560
9,ApoPongBeat,12560
11,ApoPongBeat,12560
14,ApoPongBeat,12560
16,ApoPongBeat,12560
9,ApoPongBeat,12560
8,ApoPongBeat,12560
16,ApoPongBeat,12560
10,ApoPongBeat,12560
5,ApoPongBeat,12560
9,ApoPongBeat,12560
5,ApoPongBeat,12560
5,ApoRelax,16136
1224,ApoRelax,16136
9,ApoRelax,16136
7,ApoRelax,16136
24,ApoRelax,16136
27,ApoRelax,16136
424,ApoRelax,16136
5,ApoRelax,16136
6,ApoRelax,16136
41,ApoRelax,16136
47,ApoRelax,16136
5,ApoRelax,16136
394,ApoRelax,16136
6,ApoRelax,16136
740,ApoRelax,16136
7,ApoRelax,16136
401,ApoRelax,16136
7,ApoRelax,16136
349,ApoRelax,16136
511,ApoRelax,16136
9,ApoRelax,16136
312,ApoRelax,16136
6039,ApoRelax,16136
61,ApoRelax,16136
58,ApoRelax,16136
48,ApoRelax,16136
42,ApoRelax,16136
39,ApoRelax,16136
39,ApoRelax,16136
49,ApoRelax,16136
69,ApoRelax,16136
49,ApoRelax,16136
55,ApoRelax,16136
70,ApoRelax,16136
51,ApoRelax,16136
55,ApoRelax,16136
38,ApoRelax,16136
78,ApoRelax,16136
63,ApoRelax,16136
49,ApoRelax,16136
44,ApoRelax,16136
49,ApoRelax,16136
49,ApoRelax,16136
29,ApoRelax,16136
22,ApoRelax,16136
64,ApoRelax,16136
47,ApoRelax,16136
56,ApoRelax,16136
49,ApoRelax,16136
44,ApoRelax,16136
84,ApoRelax,16136
64,ApoRelax,16136
26,ApoRelax,16136
55,ApoRelax,16136
41,ApoRelax,16136
33,ApoRelax,16136
67,ApoRelax,16136
40,ApoRelax,16136
93,ApoRelax,16136
40,ApoRelax,16136
9,ApoRelax,16136
6,ApoRelax,16136
11,ApoRelax,16136
15,ApoRelax,16136
5,ApoRelax,16136
11,ApoRelax,16136
13,ApoRelax,16136
7,ApoRelax,16136
14,ApoRelax,16136
12,ApoRelax,16136
26,ApoSimple,40362
5,ApoSimple,40362
63,ApoSimple,40362
53,ApoSimple,40362
12,ApoSimple,40362
5,ApoSimple,40362
4,ApoSimple,40362
21,ApoSimple,40362
6,ApoSimple,40362
6,ApoSimple,40362
18,ApoSimple,40362
68,ApoSimple,40362
34,ApoSimple,40362
58,ApoSimple,40362
3,ApoSimple,40362
38,ApoSimple,40362
6,ApoSimple,40362
43,ApoSimple,40362
8,ApoSimple,40362
71,ApoSimple,40362
28,ApoSimple,40362
63,ApoSimple,40362
6,ApoSimple,40362
31,ApoSimple,40362
21,ApoSimple,40362
28,ApoSimple,40362
6,ApoSimple,40362
4,ApoSimple,40362
7,ApoSimple,40362
6,ApoSimple,40362
27,ApoSimple,40362
41,ApoSimple,40362
46,ApoSimple,40362
61,ApoSimple,40362
17,ApoSimple,40362
14,ApoSimple,40362
22,ApoSimple,40362
24,ApoSimple,40362
22,ApoSimple,40362
10,ApoSimple,40362
15,ApoSimple,40362
8,ApoSimple,40362
16,ApoSimple,40362
33,ApoSimple,40362
11,ApoSimple,40362
29,ApoSimple,40362
16,ApoSimple,40362
14,ApoSimple,40362
25,ApoSimple,40362
12,ApoSimple,40362
20,ApoSimple,40362
28,ApoSimple,40362
18,ApoSimple,40362
14,ApoSimple,40362
12,ApoSimple,40362
9,ApoSimple,40362
12,ApoSimple,40362
10,ApoSimple,40362
19,ApoSimple,40362
11,ApoSimple,40362
10,ApoSimple,40362
12,ApoSimple,40362
11,ApoSimple,40362
10,ApoSimple,40362
15,ApoSimple,40362
19,ApoSimple,40362
11,ApoSimple,40362
10,ApoSimple,40362
15,ApoSimple,40362
9,ApoSimple,40362
17,ApoSimple,40362
14,ApoSimple,40362
20,ApoSimple,40362
8,ApoSimple,40362
14,ApoSimple,40362
26,ApoSimple,40362
15,ApoSimple,40362
12,ApoSimple,40362
11,ApoSimple,40362
13,ApoSimple,40362
12,ApoSimple,40362
17,ApoSimple,40362
7,ApoSimple,40362
16,ApoSimple,40362
8,ApoSimple,40362
19,ApoSimple,40362
14,ApoSimple,40362
12,ApoSimple,40362
10,ApoSimple,40362
11,ApoSimple,40362
6,ApoSimple,40362
23,ApoSimple,40362
20,ApoSimple,40362
13,ApoSimple,40362
6,ApoSimple,40362
6,ApoSimple,40362
55,ApoSimple,40362
12,ApoSimple,40362
155,ApoSimple,40362
21,ApoSimple,40362
13,ApoSimple,40362
10,ApoSimple,40362
4,ApoSimpleSudoku,11087
4,ApoSimpleSudoku,11087
28,ApoSimpleSudoku,11087
38,ApoSimpleSudoku,11087
34,ApoSimpleSudoku,11087
9,ApoSimpleSudoku,11087
23,ApoSimpleSudoku,11087
4,ApoSimpleSudoku,11087
4,ApoSimpleSudoku,11087
7,ApoSimpleSudoku,11087
4,ApoSimpleSudoku,11087
43,ApoSimpleSudoku,11087
25,ApoSimpleSudoku,11087
29,ApoSimpleSudoku,11087
44,ApoSimpleSudoku,11087
51,ApoSimpleSudoku,11087
62,ApoSimpleSudoku,11087
36,ApoSimpleSudoku,11087
43,ApoSimpleSudoku,11087
54,ApoSimpleSudoku,11087
59,ApoSimpleSudoku,11087
62,ApoSimpleSudoku,11087
25,ApoSimpleSudoku,11087
55,ApoSimpleSudoku,11087
135,ApoSimpleSudoku,11087
68,ApoSimpleSudoku,11087
81,ApoSimpleSudoku,11087
75,ApoSimpleSudoku,11087
34,ApoSimpleSudoku,11087
61,ApoSimpleSudoku,11087
23,ApoSimpleSudoku,11087
36,ApoSimpleSudoku,11087
32,ApoSimpleSudoku,11087
70,ApoSimpleSudoku,11087
76,ApoSimpleSudoku,11087
58,ApoSimpleSudoku,11087
37,ApoSimpleSudoku,11087
44,ApoSimpleSudoku,11087
32,ApoSimpleSudoku,11087
16,ApoSimpleSudoku,11087
8,ApoSimpleSudoku,11087
16,ApoSimpleSudoku,11087
6,ApoSimpleSudoku,11087
15,ApoSimpleSudoku,11087
9,ApoSimpleSudoku,11087
8,ApoSimpleSudoku,11087
6,ApoSimpleSudoku,11087
7,ApoSimpleSudoku,11087
101,ApoSimpleSudoku,11087
853,ApoSlitherLink,11087
7,ApoSlitherLink,11087
26,ApoSlitherLink,11087
4,ApoSlitherLink,11087
23,ApoSlitherLink,11087
7,ApoSlitherLink,11087
6,ApoSlitherLink,11087
26,ApoSlitherLink,11087
5,ApoSlitherLink,11087
459,ApoSlitherLink,11087
7,ApoSlitherLink,11087
51,ApoSlitherLink,11087
52,ApoSlitherLink,11087
71,ApoSlitherLink,11087
93,ApoSlitherLink,11087
48,ApoSlitherLink,11087
52,ApoSlitherLink,11087
65,ApoSlitherLink,11087
96,ApoSlitherLink,11087
51,ApoSlitherLink,11087
44,ApoSlitherLink,11087
82,ApoSlitherLink,11087
87,ApoSlitherLink,11087
47,ApoSlitherLink,11087
73,ApoSlitherLink,11087
32,ApoSlitherLink,11087
36,ApoSlitherLink,11087
53,ApoSlitherLink,11087
78,ApoSlitherLink,11087
44,ApoSlitherLink,11087
62,ApoSlitherLink,11087
30,ApoSlitherLink,11087
70,ApoSlitherLink,11087
63,ApoSlitherLink,11087
41,ApoSlitherLink,11087
70,ApoSlitherLink,11087
46,ApoSlitherLink,11087
62,ApoSlitherLink,11087
51,ApoSlitherLink,11087
127,ApoSlitherLink,11087
17,ApoSlitherLink,11087
6,ApoSlitherLink,11087
6,ApoSlitherLink,11087
5,ApoSlitherLink,11087
10,ApoSlitherLink,11087
6,ApoSlitherLink,11087
8,ApoSlitherLink,11087
19,ApoSlitherLink,11087
6,ApoSlitherLink,11087
2113,ApoStarz,14447
449,ApoStarz,14447
5,ApoStarz,14447
7,ApoStarz,14447
10,ApoStarz,14447
5,ApoStarz,14447
7,ApoStarz,14447
22,ApoStarz,14447
35,ApoStarz,14447
47,ApoStarz,14447
5,ApoStarz,14447
568,ApoStarz,14447
9,ApoStarz,14447
89,ApoStarz,14447
53,ApoStarz,14447
42,ApoStarz,14447
80,ApoStarz,14447
134,ApoStarz,14447
84,ApoStarz,14447
48,ApoStarz,14447
88,ApoStarz,14447
68,ApoStarz,14447
54,ApoStarz,14447
52,ApoStarz,14447
54,ApoStarz,14447
58,ApoStarz,14447
70,ApoStarz,14447
81,ApoStarz,14447
87,ApoStarz,14447
25,ApoStarz,14447
25,ApoStarz,14447
36,ApoStarz,14447
31,ApoStarz,14447
83,ApoStarz,14447
28,ApoStarz,14447
25,ApoStarz,14447
8,ApoStarz,14447
8,ApoStarz,14447
14,ApoStarz,14447
10,ApoStarz,14447
33,ApoStarz,14447
10,ApoStarz,14447
10,ApoStarz,14447
5,ApoStarz,14447
12,TutorVolley,427
11,TutorVolley,427
24,TutorVolley,427
9,TutorVolley,427
11,TutorVolley,427
52,ApoClock,7217
8,ApoClock,7217
10,ApoClock,7217
9,ApoClock,7217
433,ApoClock,7217
41,ApoClock,7217
41,ApoClock,7217
54,ApoClock,7217
72,ApoClock,7217
42,ApoClock,7217
33,ApoClock,7217
46,ApoClock,7217
36,ApoClock,7217
74,ApoClock,7217
56,ApoClock,7217
41,ApoClock,7217
53,ApoClock,7217
38,ApoClock,7217
58,ApoClock,7217
43,ApoClock,7217
45,ApoClock,7217
47,ApoClock,7217
35,ApoClock,7217
32,ApoClock,7217
26,ApoClock,7217
9,ApoClock,7217
9,ApoClock,7217
9,ApoClock,7217
7,ApoClock,7217
6,ApoClock,7217
6,ApoDice,5274
23,ApoDice,5274
390,ApoDice,5274
43,ApoDice,5274
44,ApoDice,5274
33,ApoDice,5274
41,ApoDice,5274
51,ApoDice,5274
32,ApoDice,5274
43,ApoDice,5274
75,ApoDice,5274
31,ApoDice,5274
35,ApoDice,5274
61,ApoDice,5274
56,ApoDice,5274
12,ApoDice,5274
6,ApoDice,5274
6,ApoDice,5274
8,ApoDice,5274
6,ApoDice,5274
9,ApoDice,5274
12,ApoDice,5274
9,ApoMonoAndroid,12727
64,ApoMonoAndroid,12727
69,ApoMonoAndroid,12727
37,ApoMonoAndroid,12727
68,ApoMonoAndroid,12727
6,ApoMonoAndroid,12727
25,ApoMonoAndroid,12727
39,ApoMonoAndroid,12727
39,ApoMonoAndroid,12727
27,ApoMonoAndroid,12727
41,ApoMonoAndroid,12727
20,ApoMonoAndroid,12727
11,ApoMonoAndroid,12727
13,ApoMonoAndroid,12727
18,ApoMonoAndroid,12727
10,ApoMonoAndroid,12727
18,ApoMonoAndroid,12727
12,ApoMonoAndroid,12727
12,ApoMonoAndroid,12727
19,ApoMonoAndroid,12727
10,ApoMonoAndroid,12727
12,ApoMonoAndroid,12727
11,ApoMonoAndroid,12727
19,ApoMonoAndroid,12727
16,ApoMonoAndroid,12727
14,ApoMonoAndroid,12727
17,ApoMonoAndroid,12727
11,ApoMonoAndroid,12727
16,ApoMonoAndroid,12727
17,ApoMonoAndroid,12727
13,ApoMonoAndroid,12727
12,ApoMonoAndroid,12727
11,ApoMonoAndroid,12727
9,ApoMonoAndroid,12727
17,ApoMonoAndroid,12727
13,ApoMonoAndroid,12727
14,ApoMonoAndroid,12727
22,ApoMonoAndroid,12727
10,ApoMonoAndroid,12727
10,ApoMonoAndroid,12727
19,ApoMonoAndroid,12727
9,ApoMonoAndroid,12727
18,ApoMonoAndroid,12727
12,ApoMonoAndroid,12727
8,ApoMonoAndroid,12727
8,ApoMonoAndroid,12727
13,ApoSnake,6322
48,ApoSnake,6322
373,ApoSnake,6322
416,ApoSnake,6322
5,ApoSnake,6322
544,ApoSnake,6322
48,ApoSnake,6322
32,ApoSnake,6322
47,ApoSnake,6322
52,ApoSnake,6322
55,ApoSnake,6322
57,ApoSnake,6322
52,ApoSnake,6322
36,ApoSnake,6322
58,ApoSnake,6322
33,ApoSnake,6322
48,ApoSnake,6322
43,ApoSnake,6322
56,ApoSnake,6322
10,ApoSnake,6322
11,ApoSnake,6322
5,ApoSnake,6322
10,ApoSnake,6322
19,ApoSnake,6322
6,ApoSnake,6322
17,ApoSnake,6322
875,BitsEngineAndroid,20974
5,BitsEngineAndroid,20974
7,BitsEngineAndroid,20974
451,BitsEngineAndroid,20974
7,BitsEngineAndroid,20974
5,BitsEngineAndroid,20974
9,BitsEngineAndroid,20974
33,BitsEngineAndroid,20974
6,BitsEngineAndroid,20974
5,BitsEngineAndroid,20974
4,BitsEngineAndroid,20974
57,BitsEngineAndroid,20974
40,BitsEngineAndroid,20974
371,BitsEngineAndroid,20974
188,BitsEngineAndroid,20974
185,BitsEngineAndroid,20974
6,BitsEngineAndroid,20974
179,BitsEngineAndroid,20974
368,BitsEngineAndroid,20974
29,BitsEngineAndroid,20974
28,BitsEngineAndroid,20974
25,BitsEngineAndroid,20974
31,BitsEngineAndroid,20974
31,BitsEngineAndroid,20974
34,BitsEngineAndroid,20974
31,BitsEngineAndroid,20974
51,BitsEngineAndroid,20974
40,BitsEngineAndroid,20974
40,BitsEngineAndroid,20974
47,BitsEngineAndroid,20974
53,BitsEngineAndroid,20974
34,BitsEngineAndroid,20974
43,BitsEngineAndroid,20974
30,BitsEngineAndroid,20974
43,BitsEngineAndroid,20974
51,BitsEngineAndroid,20974
43,BitsEngineAndroid,20974
33,BitsEngineAndroid,20974
29,BitsEngineAndroid,20974
51,BitsEngineAndroid,20974
26,BitsEngineAndroid,20974
54,BitsEngineAndroid,20974
40,BitsEngineAndroid,20974
39,BitsEngineAndroid,20974
46,BitsEngineAndroid,20974
33,BitsEngineAndroid,20974
23,BitsEngineAndroid,20974
31,BitsEngineAndroid,20974
42,BitsEngineAndroid,20974
30,BitsEngineAndroid,20974
28,BitsEngineAndroid,20974
44,BitsEngineAndroid,20974
56,BitsEngineAndroid,20974
36,BitsEngineAndroid,20974
34,BitsEngineAndroid,20974
48,BitsEngineAndroid,20974
27,BitsEngineAndroid,20974
40,BitsEngineAndroid,20974
28,BitsEngineAndroid,20974
27,BitsEngineAndroid,20974
53,BitsEngineAndroid,20974
40,BitsEngineAndroid,20974
43,BitsEngineAndroid,20974
33,BitsEngineAndroid,20974
36,BitsEngineAndroid,20974
83,BitsEngineAndroid,20974
34,BitsEngineAndroid,20974
34,BitsEngineAndroid,20974
72,BitsEngineAndroid,20974
31,BitsEngineAndroid,20974
53,BitsEngineAndroid,20974
58,BitsEngineAndroid,20974
45,BitsEngineAndroid,20974
51,BitsEngineAndroid,20974
78,BitsEngineAndroid,20974
34,BitsEngineAndroid,20974
36,BitsEngineAndroid,20974
34,BitsEngineAndroid,20974
36,BitsEngineAndroid,20974
48,BitsEngineAndroid,20974
28,BitsEngineAndroid,20974
31,BitsEngineAndroid,20974
28,BitsEngineAndroid,20974
46,BitsEngineAndroid,20974
37,BitsEngineAndroid,20974
30,BitsEngineAndroid,20974
25,BitsEngineAndroid,20974
32,BitsEngineAndroid,20974
29,BitsEngineAndroid,20974
40,BitsEngineAndroid,20974
32,BitsEngineAndroid,20974
23,BitsEngineAndroid,20974
43,BitsEngineAndroid,20974
43,BitsEngineAndroid,20974
35,BitsEngineAndroid,20974
30,BitsEngineAndroid,20974
23,BitsEngineAndroid,20974
22,BitsEngineAndroid,20974
34,BitsEngineAndroid,20974
53,BitsEngineAndroid,20974
29,BitsEngineAndroid,20974
30,BitsEngineAndroid,20974
26,BitsEngineAndroid,20974
39,BitsEngineAndroid,20974
37,BitsEngineAndroid,20974
35,BitsEngineAndroid,20974
47,BitsEngineAndroid,20974
30,BitsEngineAndroid,20974
29,BitsEngineAndroid,20974
32,BitsEngineAndroid,20974
29,BitsEngineAndroid,20974
24,BitsEngineAndroid,20974
40,BitsEngineAndroid,20974
30,BitsEngineAndroid,20974
51,BitsEngineAndroid,20974
53,BitsEngineAndroid,20974
62,BitsEngineAndroid,20974
37,BitsEngineAndroid,20974
34,BitsEngineAndroid,20974
26,BitsEngineAndroid,20974
31,BitsEngineAndroid,20974
31,BitsEngineAndroid,20974
43,BitsEngineAndroid,20974
37,BitsEngineAndroid,20974
25,BitsEngineAndroid,20974
34,BitsEngineAndroid,20974
44,BitsEngineAndroid,20974
29,BitsEngineAndroid,20974
49,BitsEngineAndroid,20974
39,BitsEngineAndroid,20974
34,BitsEngineAndroid,20974
51,BitsEngineAndroid,20974
33,BitsEngineAndroid,20974
9,BitsEngineAndroid,20974
14,BitsEngineAndroid,20974
5,BitsEngineAndroid,20974
13,BitsEngineAndroid,20974
8,BitsEngineAndroid,20974
11,BitsEngineAndroid,20974
5,BitsEngineAndroid,20974
10,BitsEngineAndroid,20974
6,BitsEngineAndroid,20974
10,BitsEngineAndroid,20974
7,BitsEngineAndroid,20974
8,BitsEngineAndroid,20974
6,myTreasureAndroid,9410
5,myTreasureAndroid,9410
33,myTreasureAndroid,9410
34,myTreasureAndroid,9410
7,myTreasureAndroid,9410
47,myTreasureAndroid,9410
27,myTreasureAndroid,9410
38,myTreasureAndroid,9410
43,myTreasureAndroid,9410
146,myTreasureAndroid,9410
34,myTreasureAndroid,9410
15,myTreasureAndroid,9410
23,myTreasureAndroid,9410
15,myTreasureAndroid,9410
13,myTreasureAndroid,9410
25,myTreasureAndroid,9410
13,myTreasureAndroid,9410
18,myTreasureAndroid,9410
12,myTreasureAndroid,9410
20,myTreasureAndroid,9410
13,myTreasureAndroid,9410
14,myTreasureAndroid,9410
12,myTreasureAndroid,9410
9,myTreasureAndroid,9410
52,myTreasureAndroid,9410
12,myTreasureAndroid,9410
13,myTreasureAndroid,9410
8,myTreasureAndroid,9410
17,myTreasureAndroid,9410
16,myTreasureAndroid,9410
